0,nospec_no_specifier_test,1579197259,0
1,nospec_empty_string,1579197259,0
2,nospec_some_escaped_chars,1579197259,0
3,nospec_successive_5_5,1579197259,0
4,nospec_successive_2_9,1579197259,0
5,nospec_successive_8_3,1579197259,0
6,pct_basic,1579197370,0
7,pct_5w,1579197370,0
8,pct_5wlj,1579197370,0
9,pct_5wzp,1579197370,0
10,pct_5wljzp,1579197370,0
11,nocrash_nullspec_basic,0,1579197259
12,nocrash_nullspec_5w,0,1579197259
13,nocrash_nullspec_5wzp,0,1579197259
14,nocrash_nullspec_5wzplj,0,1579197259
15,nocrash_nullspec_5wlj,0,1579197259
16,s_basic_string_expansion,1579197964,0
17,s_only_string_expansion,1579197964,0
18,s_two_string_expansions,1579197964,0
19,s_two_string_expansions2,1579197964,0
20,s_empty_string_expansion,1579197964,0
21,s_full_then_empty_string,1579197964,0
22,s_empty_then_full_string,1579197964,0
23,s_three_strings,1579197964,0
24,s_space_padded_field_width,1579197964,0
25,s_space_padded_field_width2,1579197964,0
26,s_space_padded_over_field_width,1579197964,0
27,s_space_padded_field_width_lj,1579197964,0
28,s_space_padded_field_width2_lj,1579197964,0
29,s_space_padded_over_field_width_lj,1579197964,0
30,s_string_prec_notrunc,1579197964,0
31,s_string_prec_trunc,1579197964,0
32,s_string_prec_default,1579197964,0
33,s_string_prec_zero,1579197964,0
34,s_two_strings_prec_2trunc,1579197964,0
35,s_two_strings_prec_1trunc_a,1579197964,0
36,s_two_strings_prec_1trunc_b,1579197964,0
37,s_two_strings_prec_0trunc,1579197964,0
38,s_string_prec_width_notrunc,1579197964,0
39,s_string_prec_width_trunc,1579197964,0
40,s_string_prec_width_notrunc_lj,1579197964,0
41,s_string_prec_width_trunc_lj,1579197964,0
42,s_two_s_prec_width_2fit_0trunc,1579197964,0
43,s_two_s_prec_width_1fit_a_0trunc,1579197964,0
44,s_two_s_prec_width_1fit_b_0trunc,1579197964,0
45,s_two_s_prec_width_0fit_0trunc,1579197964,0
46,s_two_s_prec_width_2fit_1trunc_a,1579197964,0
47,s_two_s_prec_width_1fit_a_1trunc_a,1579197964,0
48,s_two_s_prec_width_1fit_b_1trunc_a,1579197964,0
49,s_two_s_prec_width_0fit_1trunc_a,1579197964,0
50,s_two_s_prec_width_2fit_1trunc_b,1579197964,0
51,s_two_s_prec_width_1fit_a_1trunc_b,1579197964,0
52,s_two_s_prec_width_1fit_b_1trunc_b,1579197964,0
53,s_two_s_prec_width_0fit_1trunc_b,1579197964,0
54,s_two_s_prec_width_2fit_2trunc,1579197964,0
55,s_two_s_prec_width_1fit_a_2trunc,1579197964,0
56,s_two_s_prec_width_1fit_b_2trunc,1579197964,0
57,s_two_s_prec_width_0fit_2trunc,1579197964,0
58,s_two_s_prec_width_2trunc,1579197964,0
59,s_two_strings_lj_and_rj,1579197964,0
60,s_two_strings_rj_and_lj,1579197964,0
61,s_null_basic_string_expansion,1579197964,0
62,s_null_only_string_expansion,1579197964,0
63,s_null_space_padded_field_width,1579197964,0
64,s_null_space_padded_over_field_width,1579197964,0
65,s_null_space_padded_field_width_lj,1579197964,0
66,s_null_space_padded_field_width2_lj,1579197964,0
67,s_null_space_padded_over_field_width_lj,1579197964,0
68,s_null_string_prec_notrunc,1579197964,0
69,s_null_string_prec_trunc,1579197964,0
70,s_null_string_prec_default,1579197964,0
71,s_null_string_prec_zero,1579197964,0
72,s_basic_s_hidden,1579197964,0
73,s_width_3_s_hidden,1579197964,0
74,s_width_9_s_hidden,1579197964,0
75,s_prec_no_width_s_hidden,1579197964,0
76,s_prec_9_no_width_s_hidden,1579197964,0
77,s_prec_03_no_width_s_hidden,1579197964,0
78,s_prec_09_no_width_s_hidden,1579197964,0
79,s_prec_03_no_width_s_null,1579197964,0
80,s_prec_09_no_width_s_null,1579197964,0
81,s_prec_00_no_width_s_nullchar,1579197964,0
82,s_prec_01_no_width_s_nullchar,1579197964,0
83,s_prec_03_no_width_s_nullchar,1579197964,0
84,s_prec_09_no_width_s_nullchar,1579197964,0
85,s_prec_0_width_3_s_hidden,1579197964,0
86,s_prec_0_width_10_s_hidden,1579197964,0
87,s_prec_0_width_3_s_null,1579197964,0
88,s_prec_0_width_10_s_null,1579197964,0
89,s_prec_0_width_1_s_nullchar,1579197964,0
90,s_prec_0_width_2_s_nullchar,1579197964,0
91,s_prec_0_width_9_s_nullchar,1579197964,0
92,s_prec_0_lj_width_3_s_hidden,1579197964,0
93,s_prec_0_lj_width_8_s_hidden,1579197964,0
94,s_prec_0_lj_width_3_s_null,1579197964,0
95,s_prec_0_lj_width_8_s_null,1579197964,0
96,s_prec_0_lj_width_1_s_nullchar,1579197964,0
97,s_prec_0_lj_width_2_s_nullchar,1579197964,0
98,s_prec_0_lj_width_6_s_nullchar,1579197964,0
99,s_prec_1_width_3_s_hidden,1579197964,0
100,s_prec_1_width_10_s_hidden,1579197964,0
101,s_prec_1_width_3_s_null,1579197964,0
102,s_prec_1_width_9_s_null,1579197964,0
103,s_prec_1_lj_width_3_s_hidden,1579197964,0
104,s_prec_1_lj_width_10_s_hidden,1579197964,0
105,s_prec_1_lj_width_3_s_null,1579197964,0
106,s_prec_1_lj_width_9_s_null,1579197964,0
107,s_prec_1_lj_width_3_s_nullchar,1579197964,0
108,s_prec_1_lj_width_6_s_nullchar,1579197964,0
109,s_prec_perfect_width_3_s_hidden,1579197964,0
110,s_prec_perfect_width_20_s_hidden,1579197964,0
111,s_prec_perfect_width_3_s_null,1579197964,0
112,s_prec_perfect_width_20_s_null,1579197964,0
113,s_prec_perfect_width_3_s_nullchar,1579197964,0
114,s_prec_perfect_width_6_s_nullchar,1579197964,0
115,s_prec_perfect_lj_width_3_s_hidden,1579197964,0
116,s_prec_perfect_lj_width_20_s_hidden,1579197964,0
117,s_prec_8_lj_width_3_s_hidden,1579197964,0
118,s_prec_8_lj_width_10_s_hidden,1579197964,0
119,s_prec_8_lj_width_3_s_null,1579197964,0
120,s_prec_8_lj_width_10_s_null,1579197964,0
121,s_prec_00_lj_s_hidden_trunc,1579197964,0
122,s_prec_09_lj_s_hidden_notrunc,1579197964,0
161,i_basic_i_pos,1579197967,0
162,i_basic_i_neg,1579197967,0
163,i_basic_i_zero,1579197967,0
164,i_basic_i_onlypos,1579197967,0
165,i_basic_i_onlyneg,1579197967,0
166,i_basic_i_onlyzero,1579197967,0
167,d_basic_pos,1579197971,0
168,d_basic_neg,1579197971,0
169,d_basic_zero,1579197971,0
170,i_intmax,1579197967,0
171,i_intmin,1579197967,0
172,i_as_pos,1579197967,0
173,i_as_neg,1579197967,0
174,i_intmax_as,1579197967,0
175,i_width_pos_fits,1579197967,0
176,i_width_neg_fits,1579197967,0
177,i_width_zero_fits,1579197967,0
178,i_width_pos_exactfit,1579197967,0
179,i_width_neg_exactfit,1579197967,0
180,i_width_pos_nofit,1579197967,0
181,i_width_neg_nofit,1579197967,0
182,i_width_pos_fits_lj,1579197967,0
183,i_width_neg_fits_lj,1579197967,0
184,i_width_zero_fits_lj,1579197967,0
185,i_width_pos_exactfit_lj,1579197967,0
186,i_width_neg_exactfit_lj,1579197967,0
187,i_width_pos_nofit_lj,1579197967,0
188,i_width_neg_nofit_lj,1579197967,0
189,i_width_as_pos,1579197967,0
190,i_width_as_zero,1579197967,0
191,i_width_intmax_as,1579197967,0
192,i_prec_fits_pos,1579197967,0
193,i_prec_fits_neg,1579197967,0
194,i_prec_fits_zero,1579197967,0
195,i_prec_exactfit_pos,1579197967,0
196,i_prec_exactfit_neg,1579197967,0
197,i_prec_nofit_pos,1579197967,0
198,i_prec_nofit_neg,1579197967,0
199,i_prec_as_pos,1579197967,0
200,i_prec_as_neg,1579197967,0
201,i_prec_as_pos_nofit,1579197967,0
202,i_zp_pos_fits,1579197967,0
203,i_zp_neg_fits,1579197967,0
204,i_zp_zero_fits,1579197967,0
205,i_zp_pos_exactfit,1579197967,0
206,i_zp_neg_exactfit,1579197967,0
207,i_zp_neg_minus1fit,1579197967,0
208,i_zp_as_fits,1579197967,0
209,i_zp_as_zero,1579197967,0
210,i_prec_width_fit_fit_pos,1579197967,0
211,i_prec_width_fit_fit_neg,1579197967,0
212,i_prec_width_fit_fit_zero,1579197967,0
213,i_prec_width_nofit_fit_pos,1579197967,0
214,i_prec_width_nofit_fit_neg,1579197967,0
215,i_prec_width_fit_nofit_pos,1579197967,0
216,i_prec_width_fit_nofit_neg,1579197967,0
217,i_prec_width_nofit_nofit_pos,1579197967,0
218,i_prec_width_nofit_nofit_neg,1579197967,0
219,i_prec_width_fit_fit_pos_lj,1579197967,0
220,i_prec_width_fit_fit_neg_lj,1579197967,0
221,i_prec_width_fit_fit_zero_lj,1579197967,0
222,i_prec_width_nofit_fit_pos_lj,1579197967,0
223,i_prec_width_nofit_fit_neg_lj,1579197967,0
224,i_prec_width_fit_nofit_pos_lj,1579197967,0
225,i_prec_width_fit_nofit_neg_lj,1579197967,0
226,i_prec_width_nofit_nofit_pos_lj,1579197967,0
227,i_prec_width_nofit_nofit_neg_lj,1579197967,0
228,i_prec_width_fit_fit_pos_as,1579197967,0
229,i_prec_width_fit_fit_neg_as,1579197967,0
230,i_prec_width_fit_fit_zero_as,1579197967,0
231,i_prec_width_nofit_fit_pos_as,1579197967,0
232,i_prec_width_nofit_fit_neg_as,1579197967,0
233,i_prec_width_fit_nofit_pos_as,1579197967,0
234,i_prec_width_fit_nofit_neg_as,1579197967,0
235,i_prec_width_nofit_nofit_pos_as,1579197967,0
236,i_prec_width_nofit_nofit_neg_as,1579197967,0
237,i_prec_width_fit_fit_pos_ljas,1579197967,0
238,i_prec_width_fit_fit_neg_ljas,1579197967,0
239,i_prec_width_fit_fit_zero_ljas,1579197967,0
240,i_prec_width_nofit_fit_pos_ljas,1579197967,0
241,i_prec_width_nofit_fit_neg_ljas,1579197967,0
242,i_prec_width_fit_nofit_pos_ljas,1579197967,0
243,i_prec_width_fit_nofit_neg_ljas,1579197967,0
244,i_prec_width_nofit_nofit_pos_ljas,1579197967,0
245,i_prec_width_nofit_nofit_neg_ljas,1579197967,0
246,i_prec_width_ff_pos_zp,1579197967,0
247,i_prec_width_ff_neg_zp,1579197967,0
248,i_prec_width_ff_zero_zp,1579197967,0
249,i_prec_width_nf_pos_zp,1579197967,0
250,i_prec_width_nf_neg_zp,1579197967,0
251,i_prec_width_fn_pos_zp,1579197967,0
252,i_prec_width_fn_neg_zp,1579197967,0
253,i_prec_width_nn_pos_zp,1579197967,0
254,i_prec_width_nn_neg_zp,1579197967,0
255,i_prec_width_ff_pos_lj_zp_ignoreflag,1579197967,0
256,i_prec_width_ff_neg_ljzp_ignoreflag,1579197967,0
257,i_prec_width_ff_zero_ljzp_ignoreflag,1579197967,0
258,i_prec_width_nf_pos_ljzp_ignoreflag,1579197967,0
259,i_prec_width_nf_neg_ljzp_ignoreflag,1579197967,0
260,i_prec_width_fn_pos_ljzp_ignoreflag,1579197967,0
261,i_prec_width_fn_neg_ljzp_ignoreflag,1579197967,0
262,i_prec_width_nn_pos_ljzp_ignoreflag,1579197967,0
263,i_prec_width_nn_neg_ljzp_ignoreflag,1579197967,0
264,i_prec_width_ff_pos_aszp,1579197967,0
265,i_prec_width_ff_neg_aszp,1579197967,0
266,i_prec_width_ff_zero_aszp,1579197967,0
267,i_prec_width_nf_pos_aszp,1579197967,0
268,i_prec_width_nf_neg_aszp,1579197967,0
269,i_prec_width_fn_pos_aszp,1579197967,0
270,i_prec_width_fn_neg_aszp,1579197967,0
271,i_prec_width_nn_pos_aszp,1579197967,0
272,i_prec_width_nn_neg_aszp,1579197967,0
273,i_prec_width_ff_pos_ljaszp_ignoreflag,1579197967,0
274,i_prec_width_ff_neg_ljaszp_ignoreflag,1579197967,0
275,i_prec_width_ff_zero_ljaszp_ignoreflag,1579197967,0
276,i_prec_width_nf_pos_ljaszp_ignoreflag,1579197967,0
277,i_prec_width_nf_neg_ljaszp_ignoreflag,1579197967,0
278,i_prec_width_fn_pos_ljaszp_ignoreflag,1579197967,0
279,i_prec_width_fn_neg_ljaszp_ignoreflag,1579197967,0
280,i_prec_width_nn_pos_ljaszp_ignoreflag,1579197967,0
281,i_prec_width_nn_neg_ljaszp_ignoreflag,1579197967,0
282,i_size_hh_pos_casted,1579197967,0
283,i_size_hh_neg_casted,1579197967,0
284,i_size_h_pos_casted,1579197967,0
285,i_size_h_neg_casted,1579197967,0
286,i_size_l_pos_casted,1579197967,0
287,i_size_l_neg_casted,1579197967,0
288,i_size_ll_pos_casted,1579197967,0
289,i_size_ll_neg_casted,1579197967,0
290,i_size_hh_pos_ref,1579197967,0
291,i_size_hh_neg_ref,1579197967,0
292,i_size_h_pos_ref,1579197967,0
293,i_size_h_neg_ref,1579197967,0
294,i_size_l_pos_ref,1579197967,0
295,i_size_l_pos_ref_lmax,1579197967,0
296,i_size_ll_pos_ref_llmax,1579197967,0
297,i_size_l_neg_ref,1579197967,0
298,i_size_ll_pos_ref,1579197967,0
299,i_size_ll_neg_ref,1579197967,0
300,i_size_l_pos_big,1579197967,0
301,i_size_l_neg_big,1579197967,0
302,i_size_ll_pos_big,1579197967,0
303,i_size_ll_neg_big,1579197967,0
304,i_llmax,1579197967,0
305,i_llmin,1579197967,0
306,i_lmax,1579197967,0
307,i_lmin,1579197967,0
308,i_hmax,1579197967,0
309,i_hmin,1579197967,0
310,i_hhmax,1579197967,0
311,i_hhmin,1579197967,0
312,i_size_l_pos_big_zp,0,1579197967
313,i_size_l_neg_big_prec,0,1579197967
314,i_size_ll_pos_big_width,0,1579197967
315,i_size_ll_neg_big_lj,0,1579197967
316,i_size_l_pos_big_as,1579197967,0
317,i_size_follows_i_i,1579197967,0
318,i_size_follows_i_l,1579197967,0
319,i_size_follows_i_ll,1579197967,0
320,i_size_follows_i_h,1579197967,0
321,i_size_follows_i_hh,1579197967,0
322,i_size_ll_hh_ll,1579197967,0
323,i_size_h_l_hh,1579197967,0
324,i_size_l_hh_h,1579197967,0
325,i_size_n_ll_hh,1579197967,0
326,i_size_ll_n_l,1579197967,0
327,i_basic_i_pos_sp,1579197967,0
328,i_basic_i_neg_sp,1579197967,0
329,i_basic_i_zero_sp,1579197967,0
330,i_basic_i_onlypos_sp,1579197967,0
331,i_basic_i_onlyneg_sp,1579197967,0
332,i_basic_i_onlyzero_sp,1579197967,0
333,i_basic_i_pos_d_sp,1579197967,0
334,i_basic_i_neg_d_sp,1579197967,0
335,i_basic_i_zero_d_sp,1579197967,0
336,i_intmax_sp,1579197967,0
337,i_intmin_sp,1579197967,0
338,i_assp_pos_ignoreflag,0,1579197967
339,i_assp_neg_ignoreflag,1579197967,0
340,i_intmax_assp_ignoreflag,0,1579197967
341,i_width_pos_fits_sp,1579197967,0
342,i_width_neg_fits_sp,1579197967,0
343,i_width_zero_fits_sp,1579197967,0
344,i_width_pos_exactfit_sp,1579197967,0
345,i_width_neg_exactfit_sp,1579197967,0
346,i_width_pos_nofit_sp,1579197967,0
347,i_width_neg_nofit_sp,1579197967,0
348,i_width_pos_fits_lj_sp,1579197967,0
349,i_width_neg_fits_lj_sp,1579197967,0
350,i_width_zero_fits_lj_sp,1579197967,0
351,i_width_pos_exactfit_lj_sp,1579197967,0
352,i_width_neg_exactfit_lj_sp,1579197967,0
353,i_width_pos_nofit_lj_sp,1579197967,0
354,i_width_neg_nofit_lj_sp,1579197967,0
355,i_width_assp_pos_ignoreflag,0,1579197967
356,i_width_assp_zero_ignoreflag,0,1579197967
357,i_width_intmax_assp_ignoreflag,0,1579197967
358,i_prec_fits_pos_sp,1579197967,0
359,i_prec_fits_neg_sp,1579197967,0
360,i_prec_fits_zero_sp,1579197967,0
361,i_prec_exactfit_pos_sp,1579197967,0
362,i_prec_exactfit_neg_sp,1579197967,0
363,i_prec_nofit_pos_sp,1579197967,0
364,i_prec_nofit_neg_sp,1579197967,0
365,i_prec_assp_pos_ignoreflag,0,1579197967
366,i_prec_assp_neg_ignoreflag,1579197967,0
367,i_prec_assp_pos_nofit_ignoreflag,0,1579197967
368,i_zpsp_pos_fits,1579197967,0
369,i_zpsp_neg_fits,1579197967,0
370,i_zpsp_zero_fits,1579197967,0
371,i_zpsp_pos_exactfit,1579197967,0
372,i_zpsp_neg_exactfit,1579197967,0
373,i_zpsp_neg_minus1fit,1579197967,0
374,i_zpassp_as_fits_ignoreflag,0,1579197967
375,i_zpassp_zero_ignoreflag,0,1579197967
376,i_prec_width_fit_fit_pos_sp,1579197967,0
377,i_prec_width_fit_fit_neg_sp,1579197967,0
378,i_prec_width_fit_fit_zero_sp,1579197967,0
379,i_prec_width_nofit_fit_pos_sp,1579197967,0
380,i_prec_width_nofit_fit_neg_sp,1579197967,0
381,i_prec_width_fit_nofit_pos_sp,1579197967,0
382,i_prec_width_fit_nofit_neg_sp,1579197967,0
383,i_prec_width_nofit_nofit_pos_sp,1579197967,0
384,i_prec_width_nofit_nofit_neg_sp,1579197967,0
385,i_prec_width_fit_fit_pos_lj_sp,1579197967,0
386,i_prec_width_fit_fit_neg_lj_sp,1579197967,0
387,i_prec_width_fit_fit_zero_lj_sp,1579197967,0
388,i_prec_width_nofit_fit_pos_lj_sp,1579197967,0
389,i_prec_width_nofit_fit_neg_lj_sp,1579197967,0
390,i_prec_width_fit_nofit_pos_lj_sp,1579197967,0
391,i_prec_width_fit_nofit_neg_lj_sp,1579197967,0
392,i_prec_width_nofit_nofit_pos_lj_sp,1579197967,0
393,i_prec_width_nofit_nofit_neg_lj_sp,1579197967,0
394,i_prec_width_fit_fit_pos_assp_ignoreflag,0,1579197967
395,i_prec_width_fit_fit_neg_assp_ignoreflag,1579197967,0
396,i_prec_width_fit_fit_zero_assp_ignoreflag,0,1579197967
397,i_prec_width_nofit_fit_pos_assp_ignoreflag,0,1579197967
398,i_prec_width_nofit_fit_neg_assp_ignoreflag,1579197967,0
399,i_prec_width_fit_nofit_pos_assp_ignoreflag,0,1579197967
400,i_prec_width_fit_nofit_neg_assp_ignoreflag,1579197967,0
401,i_prec_width_nofit_nofit_pos_assp_ignoreflag,0,1579197967
402,i_prec_width_nofit_nofit_neg_assp_ignoreflag,1579197967,0
403,i_prec_width_fit_fit_pos_lj_assp_ignoreflag,0,1579197967
404,i_prec_width_fit_fit_neg_lj_assp_ignoreflag,1579197967,0
405,i_prec_width_fit_fit_zero_lj_assp_ignoreflag,0,1579197967
406,i_prec_width_nofit_fit_pos_lj_assp_ignoreflag,0,1579197967
407,i_prec_width_nofit_fit_neg_lj_assp_ignoreflag,1579197967,0
408,i_prec_width_fit_nofit_pos_lj_assp_ignoreflag,0,1579197967
409,i_prec_width_fit_nofit_neg_lj_assp_ignoreflag,1579197967,0
410,i_prec_width_nofit_nofit_pos_lj_assp_ignoreflag,0,1579197967
411,i_prec_width_nofit_nofit_neg_lj_assp_ignoreflag,1579197967,0
412,i_prec_width_ff_pos_zp_sp,1579197967,0
413,i_prec_width_ff_neg_zp_sp,1579197967,0
414,i_prec_width_ff_zero_zp_sp,1579197967,0
415,i_prec_width_nf_pos_zp_sp,1579197967,0
416,i_prec_width_nf_neg_zp_sp,1579197967,0
417,i_prec_width_fn_pos_zp_sp,1579197967,0
418,i_prec_width_fn_neg_zp_sp,1579197967,0
419,i_prec_width_nn_pos_zp_sp,1579197967,0
420,i_prec_width_nn_neg_zp_sp,1579197967,0
421,i_prec_width_ff_pos_ljzpsp_ignoreflag,1579197967,0
422,i_prec_width_ff_neg_ljzpsp_ignoreflag,1579197967,0
423,i_prec_width_ff_zero_ljzpsp_ignoreflag,1579197967,0
424,i_prec_width_nf_pos_ljzpsp_ignoreflag,1579197967,0
425,i_prec_width_nf_neg_ljzpsp_ignoreflag,1579197967,0
426,i_prec_width_fn_pos_ljzpsp_ignoreflag,1579197967,0
427,i_prec_width_fn_neg_ljzpsp_ignoreflag,1579197967,0
428,i_prec_width_nn_pos_ljzpsp_ignoreflag,1579197967,0
429,i_prec_width_nn_neg_ljzpsp_ignoreflag,1579197967,0
430,i_prec_width_ff_pos_aszpsp_ignoreflag,0,1579197967
431,i_prec_width_ff_neg_aszpsp_ignoreflag,1579197967,0
432,i_prec_width_ff_zero_aszpsp_ignoreflag,0,1579197967
433,i_prec_width_nf_pos_aszpsp_ignoreflag,0,1579197967
434,i_prec_width_nf_neg_aszpsp_ignoreflag,1579197967,0
435,i_prec_width_fn_pos_aszpsp_ignoreflag,0,1579197967
436,i_prec_width_fn_neg_aszpsp_ignoreflag,1579197967,0
437,i_prec_width_nn_pos_aszpsp_ignoreflag,0,1579197967
438,i_prec_width_nn_neg_aszpsp_ignoreflag,1579197967,0
439,i_prec_width_ff_pos_ljaszpsp_ignoreflag,0,1579197967
440,i_prec_width_ff_neg_ljaszpsp_ignoreflag,1579197967,0
441,i_prec_width_ff_zero_ljaszpsp_ignoreflag,0,1579197967
442,i_prec_width_nf_pos_ljaszpsp_ignoreflag,0,1579197967
443,i_prec_width_nf_neg_ljaszpsp_ignoreflag,1579197967,0
444,i_prec_width_fn_pos_ljaszpsp_ignoreflag,0,1579197967
445,i_prec_width_fn_neg_ljaszpsp_ignoreflag,1579197967,0
446,i_prec_width_nn_pos_ljaszpsp_ignoreflag,0,1579197967
447,i_prec_width_nn_neg_ljaszpsp_ignoreflag,1579197967,0
448,i_size_hh_pos_casted_sp,1579197967,0
449,i_size_hh_neg_casted_sp,1579197967,0
450,i_size_h_pos_casted_sp,1579197967,0
451,i_size_h_neg_casted_sp,1579197967,0
452,i_size_l_pos_casted_sp,1579197967,0
453,i_size_l_neg_casted_sp,1579197967,0
454,i_size_ll_pos_casted_sp,1579197967,0
455,i_size_ll_neg_casted_sp,1579197967,0
456,i_size_hh_pos_ref_sp,1579197967,0
457,i_size_hh_neg_ref_sp,1579197967,0
458,i_size_h_pos_ref_sp,1579197967,0
459,i_size_h_neg_ref_sp,1579197967,0
460,i_size_l_pos_ref_sp,1579197967,0
461,i_size_l_neg_ref_sp,1579197967,0
462,i_size_ll_pos_ref_sp,1579197967,0
463,i_size_ll_neg_ref_sp,1579197967,0
464,i_size_l_pos_big_sp,1579197967,0
465,i_size_l_neg_big_sp,1579197967,0
466,i_size_ll_pos_big_sp,1579197967,0
467,i_size_ll_neg_big_sp,1579197967,0
468,i_llmax_sp,1579197967,0
469,i_llmin_sp,1579197967,0
470,i_lmax_sp,1579197967,0
471,i_lmin_sp,1579197967,0
472,i_hmax_sp,1579197967,0
473,i_hmin_sp,1579197967,0
474,i_hhmax_sp,1579197967,0
475,i_hhmin_sp,1579197967,0
476,i_prec0val0_basic,1579197967,0
477,i_prec0val0_implicit,1579197967,0
478,i_prec0val0_w,1579197967,0
479,i_prec0val0_w_impl,1579197967,0
480,i_prec0val0_wlj,1579197967,0
481,i_prec0val0_wlj_impl,1579197967,0
482,i_prec0val0_as,1579197967,0
483,i_prec0val0_as_impl,1579197967,0
484,i_prec0val0_was,1579197967,0
485,i_prec0val0_was_impl,1579197967,0
486,i_prec0val0_waslj,1579197967,0
487,i_prec0val0_waslj_impl,1579197967,0
492,d_basic_i_pos,1579197971,0
493,d_basic_i_neg,1579197971,0
494,d_basic_i_zero,1579197971,0
495,d_basic_i_onlypos,1579197971,0
496,d_basic_i_onlyneg,1579197971,0
497,d_basic_i_onlyzero,1579197971,0
498,d_intmax,1579197971,0
499,d_intmin,1579197971,0
500,d_as_pos,1579197971,0
501,d_as_neg,1579197971,0
502,d_intmax_as,1579197971,0
503,d_width_pos_fits,1579197971,0
504,d_width_neg_fits,1579197971,0
505,d_width_zero_fits,1579197971,0
506,d_width_pos_exactfit,1579197971,0
507,d_width_neg_exactfit,1579197971,0
508,d_width_pos_nofit,1579197971,0
509,d_width_neg_nofit,1579197971,0
510,d_width_pos_fits_lj,1579197971,0
511,d_width_neg_fits_lj,1579197971,0
512,d_width_zero_fits_lj,1579197971,0
513,d_width_pos_exactfit_lj,1579197971,0
514,d_width_neg_exactfit_lj,1579197971,0
515,d_width_pos_nofit_lj,1579197971,0
516,d_width_neg_nofit_lj,1579197971,0
517,d_width_as_pos,1579197971,0
518,d_width_as_zero,1579197971,0
519,d_width_intmax_as,1579197971,0
520,d_prec_fits_pos,1579197971,0
521,d_prec_fits_neg,1579197971,0
522,d_prec_fits_zero,1579197971,0
523,d_prec_exactfit_pos,1579197971,0
524,d_prec_exactfit_neg,1579197971,0
525,d_prec_nofit_pos,1579197971,0
526,d_prec_nofit_neg,1579197971,0
527,d_prec_as_pos,1579197971,0
528,d_prec_as_neg,1579197971,0
529,d_prec_as_pos_nofit,1579197971,0
530,d_zp_pos_fits,1579197971,0
531,d_zp_neg_fits,1579197971,0
532,d_zp_zero_fits,1579197971,0
533,d_zp_pos_exactfit,1579197971,0
534,d_zp_neg_exactfit,1579197971,0
535,d_zp_neg_minus1fit,1579197971,0
536,d_zp_as_fits,1579197971,0
537,d_zp_as_zero,1579197971,0
538,d_prec_width_fit_fit_pos,1579197971,0
539,d_prec_width_fit_fit_neg,1579197971,0
540,d_prec_width_fit_fit_zero,1579197971,0
541,d_prec_width_nofit_fit_pos,1579197971,0
542,d_prec_width_nofit_fit_neg,1579197971,0
543,d_prec_width_fit_nofit_pos,1579197971,0
544,d_prec_width_fit_nofit_neg,1579197971,0
545,d_prec_width_nofit_nofit_pos,1579197971,0
546,d_prec_width_nofit_nofit_neg,1579197971,0
547,d_prec_width_fit_fit_pos_lj,1579197971,0
548,d_prec_width_fit_fit_neg_lj,1579197971,0
549,d_prec_width_fit_fit_zero_lj,1579197971,0
550,d_prec_width_nofit_fit_pos_lj,1579197971,0
551,d_prec_width_nofit_fit_neg_lj,1579197971,0
552,d_prec_width_fit_nofit_pos_lj,1579197971,0
553,d_prec_width_fit_nofit_neg_lj,1579197971,0
554,d_prec_width_nofit_nofit_pos_lj,1579197971,0
555,d_prec_width_nofit_nofit_neg_lj,1579197971,0
556,d_prec_width_fit_fit_pos_as,1579197971,0
557,d_prec_width_fit_fit_neg_as,1579197971,0
558,d_prec_width_fit_fit_zero_as,1579197971,0
559,d_prec_width_nofit_fit_pos_as,1579197971,0
560,d_prec_width_nofit_fit_neg_as,1579197971,0
561,d_prec_width_fit_nofit_pos_as,1579197971,0
562,d_prec_width_fit_nofit_neg_as,1579197971,0
563,d_prec_width_nofit_nofit_pos_as,1579197971,0
564,d_prec_width_nofit_nofit_neg_as,1579197971,0
565,d_prec_width_fit_fit_pos_ljas,1579197971,0
566,d_prec_width_fit_fit_neg_ljas,1579197971,0
567,d_prec_width_fit_fit_zero_ljas,1579197971,0
568,d_prec_width_nofit_fit_pos_ljas,1579197971,0
569,d_prec_width_nofit_fit_neg_ljas,1579197971,0
570,d_prec_width_fit_nofit_pos_ljas,1579197971,0
571,d_prec_width_fit_nofit_neg_ljas,1579197971,0
572,d_prec_width_nofit_nofit_pos_ljas,1579197971,0
573,d_prec_width_nofit_nofit_neg_ljas,1579197971,0
574,d_prec_width_ff_pos_zp,1579197971,0
575,d_prec_width_ff_neg_zp,1579197971,0
576,d_prec_width_ff_zero_zp,1579197971,0
577,d_prec_width_nf_pos_zp,1579197971,0
578,d_prec_width_nf_neg_zp,1579197971,0
579,d_prec_width_fn_pos_zp,1579197971,0
580,d_prec_width_fn_neg_zp,1579197971,0
581,d_prec_width_nn_pos_zp,1579197971,0
582,d_prec_width_nn_neg_zp,1579197971,0
583,d_prec_width_ff_pos_lj_zp_ignoreflag,1579197971,0
584,d_prec_width_ff_neg_ljzp_ignoreflag,1579197971,0
585,d_prec_width_ff_zero_ljzp_ignoreflag,1579197971,0
586,d_prec_width_nf_pos_ljzp_ignoreflag,1579197971,0
587,d_prec_width_nf_neg_ljzp_ignoreflag,1579197971,0
588,d_prec_width_fn_pos_ljzp_ignoreflag,1579197971,0
589,d_prec_width_fn_neg_ljzp_ignoreflag,1579197971,0
590,d_prec_width_nn_pos_ljzp_ignoreflag,1579197971,0
591,d_prec_width_nn_neg_ljzp_ignoreflag,1579197971,0
592,d_prec_width_ff_pos_aszp,1579197971,0
593,d_prec_width_ff_neg_aszp,1579197971,0
594,d_prec_width_ff_zero_aszp,1579197971,0
595,d_prec_width_nf_pos_aszp,1579197971,0
596,d_prec_width_nf_neg_aszp,1579197971,0
597,d_prec_width_fn_pos_aszp,1579197971,0
598,d_prec_width_fn_neg_aszp,1579197971,0
599,d_prec_width_nn_pos_aszp,1579197971,0
600,d_prec_width_nn_neg_aszp,1579197971,0
601,d_prec_width_ff_pos_ljaszp_ignoreflag,1579197971,0
602,d_prec_width_ff_neg_ljaszp_ignoreflag,1579197971,0
603,d_prec_width_ff_zero_ljaszp_ignoreflag,1579197971,0
604,d_prec_width_nf_pos_ljaszp_ignoreflag,1579197971,0
605,d_prec_width_nf_neg_ljaszp_ignoreflag,1579197971,0
606,d_prec_width_fn_pos_ljaszp_ignoreflag,1579197971,0
607,d_prec_width_fn_neg_ljaszp_ignoreflag,1579197971,0
608,d_prec_width_nn_pos_ljaszp_ignoreflag,1579197971,0
609,d_prec_width_nn_neg_ljaszp_ignoreflag,1579197971,0
610,d_size_hh_pos_casted,1579197971,0
611,d_size_hh_neg_casted,1579197971,0
612,d_size_h_pos_casted,1579197971,0
613,d_size_h_neg_casted,1579197971,0
614,d_size_l_pos_casted,1579197971,0
615,d_size_l_neg_casted,1579197971,0
616,d_size_ll_pos_casted,1579197971,0
617,d_size_ll_neg_casted,1579197971,0
618,d_size_hh_pos_ref,1579197971,0
619,d_size_hh_neg_ref,1579197971,0
620,d_size_h_pos_ref,1579197971,0
621,d_size_h_neg_ref,1579197971,0
622,d_size_l_pos_ref,1579197971,0
623,d_size_l_pos_ref_lmax,1579197971,0
624,d_size_ll_pos_ref_llmax,1579197971,0
625,d_size_l_neg_ref,1579197971,0
626,d_size_ll_pos_ref,1579197971,0
627,d_size_ll_neg_ref,1579197971,0
628,d_size_l_pos_big,1579197971,0
629,d_size_l_neg_big,1579197971,0
630,d_size_ll_pos_big,1579197971,0
631,d_size_ll_neg_big,1579197971,0
632,d_llmax,1579197971,0
633,d_llmin,1579197971,0
634,d_lmax,1579197971,0
635,d_lmin,1579197971,0
636,d_hmax,1579197971,0
637,d_hmin,1579197971,0
638,d_hhmax,1579197971,0
639,d_hhmin,1579197971,0
640,d_size_l_pos_big_zp,0,1579197971
641,d_size_l_neg_big_prec,0,1579197971
642,d_size_ll_pos_big_width,0,1579197971
643,d_size_ll_neg_big_lj,0,1579197971
644,d_size_l_pos_big_as,1579197971,0
645,d_size_follows_i_i,1579197971,0
646,d_size_follows_i_l,1579197971,0
647,d_size_follows_i_ll,1579197971,0
648,d_size_follows_i_h,1579197971,0
649,d_size_follows_i_hh,1579197971,0
650,d_size_ll_hh_ll,1579197971,0
651,d_size_h_l_hh,1579197971,0
652,d_size_l_hh_h,1579197971,0
653,d_size_n_ll_hh,1579197971,0
654,d_size_ll_n_l,1579197971,0
655,d_basic_i_pos_sp,1579197971,0
656,d_basic_i_neg_sp,1579197971,0
657,d_basic_i_zero_sp,1579197971,0
658,d_basic_i_onlypos_sp,1579197971,0
659,d_basic_i_onlyneg_sp,1579197971,0
660,d_basic_i_onlyzero_sp,1579197971,0
661,d_basic_i_pos_d_sp,1579197971,0
662,d_basic_i_neg_d_sp,1579197971,0
663,d_basic_i_zero_d_sp,1579197971,0
664,d_intmax_sp,1579197971,0
665,d_intmin_sp,1579197971,0
666,d_assp_pos_ignoreflag,0,1579197971
667,d_assp_neg_ignoreflag,1579197971,0
668,d_intmax_assp_ignoreflag,0,1579197971
669,d_width_pos_fits_sp,1579197971,0
670,d_width_neg_fits_sp,1579197971,0
671,d_width_zero_fits_sp,1579197971,0
672,d_width_pos_exactfit_sp,1579197971,0
673,d_width_neg_exactfit_sp,1579197971,0
674,d_width_pos_nofit_sp,1579197971,0
675,d_width_neg_nofit_sp,1579197971,0
676,d_width_pos_fits_lj_sp,1579197971,0
677,d_width_neg_fits_lj_sp,1579197971,0
678,d_width_zero_fits_lj_sp,1579197971,0
679,d_width_pos_exactfit_lj_sp,1579197971,0
680,d_width_neg_exactfit_lj_sp,1579197971,0
681,d_width_pos_nofit_lj_sp,1579197971,0
682,d_width_neg_nofit_lj_sp,1579197971,0
683,d_width_assp_pos_ignoreflag,0,1579197971
684,d_width_assp_zero_ignoreflag,0,1579197971
685,d_width_intmax_assp_ignoreflag,0,1579197971
686,d_prec_fits_pos_sp,1579197971,0
687,d_prec_fits_neg_sp,1579197971,0
688,d_prec_fits_zero_sp,1579197971,0
689,d_prec_exactfit_pos_sp,1579197971,0
690,d_prec_exactfit_neg_sp,1579197971,0
691,d_prec_nofit_pos_sp,1579197971,0
692,d_prec_nofit_neg_sp,1579197971,0
693,d_prec_assp_pos_ignoreflag,0,1579197971
694,d_prec_assp_neg_ignoreflag,1579197971,0
695,d_prec_assp_pos_nofit_ignoreflag,0,1579197971
696,d_zpsp_pos_fits,1579197971,0
697,d_zpsp_neg_fits,1579197971,0
698,d_zpsp_zero_fits,1579197971,0
699,d_zpsp_pos_exactfit,1579197971,0
700,d_zpsp_neg_exactfit,1579197971,0
701,d_zpsp_neg_minus1fit,1579197971,0
702,d_zpassp_as_fits_ignoreflag,0,1579197971
703,d_zpassp_zero_ignoreflag,0,1579197971
704,d_prec_width_fit_fit_pos_sp,1579197971,0
705,d_prec_width_fit_fit_neg_sp,1579197971,0
706,d_prec_width_fit_fit_zero_sp,1579197971,0
707,d_prec_width_nofit_fit_pos_sp,1579197971,0
708,d_prec_width_nofit_fit_neg_sp,1579197971,0
709,d_prec_width_fit_nofit_pos_sp,1579197971,0
710,d_prec_width_fit_nofit_neg_sp,1579197971,0
711,d_prec_width_nofit_nofit_pos_sp,1579197971,0
712,d_prec_width_nofit_nofit_neg_sp,1579197971,0
713,d_prec_width_fit_fit_pos_lj_sp,1579197971,0
714,d_prec_width_fit_fit_neg_lj_sp,1579197971,0
715,d_prec_width_fit_fit_zero_lj_sp,1579197971,0
716,d_prec_width_nofit_fit_pos_lj_sp,1579197971,0
717,d_prec_width_nofit_fit_neg_lj_sp,1579197971,0
718,d_prec_width_fit_nofit_pos_lj_sp,1579197971,0
719,d_prec_width_fit_nofit_neg_lj_sp,1579197971,0
720,d_prec_width_nofit_nofit_pos_lj_sp,1579197971,0
721,d_prec_width_nofit_nofit_neg_lj_sp,1579197971,0
722,d_prec_width_fit_fit_pos_assp_ignoreflag,0,1579197971
723,d_prec_width_fit_fit_neg_assp_ignoreflag,1579197971,0
724,d_prec_width_fit_fit_zero_assp_ignoreflag,0,1579197971
725,d_prec_width_nofit_fit_pos_assp_ignoreflag,0,1579197971
726,d_prec_width_nofit_fit_neg_assp_ignoreflag,1579197971,0
727,d_prec_width_fit_nofit_pos_assp_ignoreflag,0,1579197971
728,d_prec_width_fit_nofit_neg_assp_ignoreflag,1579197971,0
729,d_prec_width_nofit_nofit_pos_assp_ignoreflag,0,1579197971
730,d_prec_width_nofit_nofit_neg_assp_ignoreflag,1579197971,0
731,d_prec_width_fit_fit_pos_lj_assp_ignoreflag,0,1579197971
732,d_prec_width_fit_fit_neg_lj_assp_ignoreflag,1579197971,0
733,d_prec_width_fit_fit_zero_lj_assp_ignoreflag,0,1579197971
734,d_prec_width_nofit_fit_pos_lj_assp_ignoreflag,0,1579197971
735,d_prec_width_nofit_fit_neg_lj_assp_ignoreflag,1579197971,0
736,d_prec_width_fit_nofit_pos_lj_assp_ignoreflag,0,1579197971
737,d_prec_width_fit_nofit_neg_lj_assp_ignoreflag,1579197971,0
738,d_prec_width_nofit_nofit_pos_lj_assp_ignoreflag,0,1579197971
739,d_prec_width_nofit_nofit_neg_lj_assp_ignoreflag,1579197971,0
740,d_prec_width_ff_pos_zp_sp,1579197971,0
741,d_prec_width_ff_neg_zp_sp,1579197971,0
742,d_prec_width_ff_zero_zp_sp,1579197971,0
743,d_prec_width_nf_pos_zp_sp,1579197971,0
744,d_prec_width_nf_neg_zp_sp,1579197971,0
745,d_prec_width_fn_pos_zp_sp,1579197971,0
746,d_prec_width_fn_neg_zp_sp,1579197971,0
747,d_prec_width_nn_pos_zp_sp,1579197971,0
748,d_prec_width_nn_neg_zp_sp,1579197971,0
749,d_prec_width_ff_pos_ljzpsp_ignoreflag,1579197971,0
750,d_prec_width_ff_neg_ljzpsp_ignoreflag,1579197971,0
751,d_prec_width_ff_zero_ljzpsp_ignoreflag,1579197971,0
752,d_prec_width_nf_pos_ljzpsp_ignoreflag,1579197971,0
753,d_prec_width_nf_neg_ljzpsp_ignoreflag,1579197971,0
754,d_prec_width_fn_pos_ljzpsp_ignoreflag,1579197971,0
755,d_prec_width_fn_neg_ljzpsp_ignoreflag,1579197971,0
756,d_prec_width_nn_pos_ljzpsp_ignoreflag,1579197971,0
757,d_prec_width_nn_neg_ljzpsp_ignoreflag,1579197971,0
758,d_prec_width_ff_pos_aszpsp_ignoreflag,0,1579197971
759,d_prec_width_ff_neg_aszpsp_ignoreflag,1579197971,0
760,d_prec_width_ff_zero_aszpsp_ignoreflag,0,1579197971
761,d_prec_width_nf_pos_aszpsp_ignoreflag,0,1579197971
762,d_prec_width_nf_neg_aszpsp_ignoreflag,1579197971,0
763,d_prec_width_fn_pos_aszpsp_ignoreflag,0,1579197971
764,d_prec_width_fn_neg_aszpsp_ignoreflag,1579197971,0
765,d_prec_width_nn_pos_aszpsp_ignoreflag,0,1579197971
766,d_prec_width_nn_neg_aszpsp_ignoreflag,1579197971,0
767,d_prec_width_ff_pos_ljaszpsp_ignoreflag,0,1579197971
768,d_prec_width_ff_neg_ljaszpsp_ignoreflag,1579197971,0
769,d_prec_width_ff_zero_ljaszpsp_ignoreflag,0,1579197971
770,d_prec_width_nf_pos_ljaszpsp_ignoreflag,0,1579197971
771,d_prec_width_nf_neg_ljaszpsp_ignoreflag,1579197971,0
772,d_prec_width_fn_pos_ljaszpsp_ignoreflag,0,1579197971
773,d_prec_width_fn_neg_ljaszpsp_ignoreflag,1579197971,0
774,d_prec_width_nn_pos_ljaszpsp_ignoreflag,0,1579197971
775,d_prec_width_nn_neg_ljaszpsp_ignoreflag,1579197971,0
776,d_size_hh_pos_casted_sp,1579197971,0
777,d_size_hh_neg_casted_sp,1579197971,0
778,d_size_h_pos_casted_sp,1579197971,0
779,d_size_h_neg_casted_sp,1579197971,0
780,d_size_l_pos_casted_sp,1579197971,0
781,d_size_l_neg_casted_sp,1579197971,0
782,d_size_ll_pos_casted_sp,1579197971,0
783,d_size_ll_neg_casted_sp,1579197971,0
784,d_size_hh_pos_ref_sp,1579197971,0
785,d_size_hh_neg_ref_sp,1579197971,0
786,d_size_h_pos_ref_sp,1579197971,0
787,d_size_h_neg_ref_sp,1579197971,0
788,d_size_l_pos_ref_sp,1579197971,0
789,d_size_l_neg_ref_sp,1579197971,0
790,d_size_ll_pos_ref_sp,1579197971,0
791,d_size_ll_neg_ref_sp,1579197971,0
792,d_size_l_pos_big_sp,1579197971,0
793,d_size_l_neg_big_sp,1579197971,0
794,d_size_ll_pos_big_sp,1579197971,0
795,d_size_ll_neg_big_sp,1579197971,0
796,d_llmax_sp,1579197971,0
797,d_llmin_sp,1579197971,0
798,d_lmax_sp,1579197971,0
799,d_lmin_sp,1579197971,0
800,d_hmax_sp,1579197971,0
801,d_hmin_sp,1579197971,0
802,d_hhmax_sp,1579197971,0
803,d_hhmin_sp,1579197971,0
804,d_prec0val0_basic,1579197971,0
805,d_prec0val0_implicit,1579197971,0
806,d_prec0val0_w,1579197971,0
807,d_prec0val0_w_impl,1579197971,0
808,d_prec0val0_wlj,1579197971,0
809,d_prec0val0_wlj_impl,1579197971,0
810,d_prec0val0_as,1579197971,0
811,d_prec0val0_as_impl,1579197971,0
812,d_prec0val0_was,1579197971,0
813,d_prec0val0_was_impl,1579197971,0
814,d_prec0val0_waslj,1579197971,0
815,d_prec0val0_waslj_impl,1579197971,0
816,mix_hhi_str_lli_str,1579019461,0
817,mix_str_hi_str_li,1579019461,0
818,mix_str_hi_str_li_emptystr,1579019461,0
819,u_basic_u_pos,1579197377,0
820,u_basic_u_zero,1579197377,0
821,u_basic_u_onlypos,1579197377,0
822,u_uintmax,1579197377,0
823,u_width_pos_fits,1579197377,0
824,u_width_zero_fits,1579197377,0
825,u_width_pos_exactfit,1579197377,0
826,u_width_pos_nofit,1579197377,0
827,u_width_pos_fits_lj,1579197377,0
828,u_width_zero_fits_lj,1579197377,0
829,u_width_pos_exactfit_lj,1579197377,0
830,u_width_pos_nofit_lj,1579197377,0
831,u_prec_fits_pos,1579197377,0
832,u_prec_fits_zero,1579197377,0
833,u_prec_exactfit_pos,1579197377,0
834,u_prec_nofit_pos,1579197377,0
835,u_zp_pos_fits,1579197377,0
836,u_zp_zero_fits,1579197377,0
837,u_zp_pos_exactfit,1579197377,0
838,u_prec_width_fit_fit_pos,1579197377,0
839,u_prec_width_fit_fit_zero,1579197377,0
840,u_prec_width_nofit_fit_pos,1579197377,0
841,u_prec_width_fit_nofit_pos,1579197377,0
842,u_prec_width_nofit_nofit_pos,1579197377,0
843,u_prec_width_fit_fit_pos_lj,1579197377,0
844,u_prec_width_fit_fit_zero_lj,1579197377,0
845,u_prec_width_nofit_fit_pos_lj,1579197377,0
846,u_prec_width_fit_nofit_pos_lj,1579197377,0
847,u_prec_width_nofit_nofit_pos_lj,1579197377,0
848,u_prec_width_ff_pos_zp,1579197377,0
849,u_prec_width_ff_zero_zp,1579197377,0
850,u_prec_width_nf_pos_zp,1579197377,0
851,u_prec_width_fn_pos_zp,1579197377,0
852,u_prec_width_nn_pos_zp,1579197377,0
853,u_prec_width_ff_pos_ljzp_ignoreflag,1579197377,0
854,u_prec_width_ff_zero_ljzp_ignoreflag,1579197377,0
855,u_prec_width_nf_pos_ljzp_ignoreflag,1579197377,0
856,u_prec_width_fn_pos_ljzp_ignoreflag,1579197377,0
857,u_prec_width_nn_pos_ljzp_ignoreflag,1579197377,0
858,u_size_hh_pos_casted,1579197377,0
859,u_size_h_pos_casted,1579197377,0
860,u_size_l_pos_casted,1579197377,0
861,u_size_ll_pos_casted,1579197377,0
862,u_size_hh_pos_ref,1579197377,0
863,u_size_h_pos_ref,1579197377,0
864,u_size_l_pos_ref,1579197377,0
865,u_size_ll_pos_ref,1579197377,0
866,u_size_l_pos_big,1579197377,0
867,u_size_ll_pos_big,1579197377,0
868,u_ullmax,1579197377,0
869,u_ulmax,1579197377,0
870,u_uhmax,1579197377,0
871,u_uhhmax,1579197377,0
872,u_size_l_pos_big_zp,1579197377,0
873,u_size_ll_pos_big_width,1579197377,0
874,u_size_ll_hh_ll,1579197377,0
875,u_size_h_l_hh,1579197377,0
876,u_size_l_hh_h,1579197377,0
877,u_size_n_ll_hh,1579197377,0
878,u_size_ll_n_l,1579197377,0
879,u_prec0val0_basic,1579197377,0
880,u_prec0val0_implicit,1579197377,0
881,u_prec0val0_w,1579197377,0
882,u_prec0val0_w_impl,1579197377,0
883,u_prec0val0_wlj,1579197377,0
884,u_prec0val0_wlj_impl,1579197377,0
885,mix_hhu_str_llu_str,1579019461,0
886,mix_str_hu_str_lu,1579019461,0
887,mixed_test_0001,0,1579019461
888,x_basic_pos,1579197966,0
889,x_basic_zero,1579197966,0
890,x_basic_onlypos,1579197966,0
891,x_hexlmax,1579197966,0
892,x_width_pos_fits,1579197966,0
893,x_width_zero_fits,1579197966,0
894,x_width_pos_exactfit,1579197966,0
895,x_width_pos_nofit,1579197966,0
896,x_width_pos_fits_lj,1579197966,0
897,x_width_zero_fits_lj,1579197966,0
898,x_width_pos_exactfit_lj,1579197966,0
899,x_width_pos_nofit_lj,1579197966,0
900,x_prec_fits_pos,1579197966,0
901,x_prec_fits_zero,1579197966,0
902,x_prec_exactfit_pos,1579197966,0
903,x_prec_nofit_pos,1579197966,0
904,x_zp_pos_fits,1579197966,0
905,x_zp_zero_fits,1579197966,0
906,x_zp_pos_exactfit,1579197966,0
907,x_prec_width_fit_fit_pos,1579197966,0
908,x_prec_width_fit_fit_zero,1579197966,0
909,x_prec_width_nofit_fit_pos,1579197966,0
910,x_prec_width_fit_nofit_pos,1579197966,0
911,x_prec_width_nofit_nofit_pos,1579197966,0
912,x_prec_width_fit_fit_pos_lj,1579197966,0
913,x_prec_width_fit_fit_zero_lj,1579197966,0
914,x_prec_width_nofit_fit_pos_lj,1579197966,0
915,x_prec_width_fit_nofit_pos_lj,1579197966,0
916,x_prec_width_nofit_nofit_pos_lj,1579197966,0
917,x_prec_width_ff_pos_zp,1579197966,0
918,x_prec_width_ff_zero_zp,1579197966,0
919,x_prec_width_nf_pos_zp,1579197966,0
920,x_prec_width_fn_pos_zp,1579197966,0
921,x_prec_width_nn_pos_zp,1579197966,0
922,x_prec_width_ff_pos_ljzp_ignoreflag,1579197966,0
923,x_prec_width_ff_zero_ljzp_ignoreflag,1579197966,0
924,x_prec_width_nf_pos_ljzp_ignoreflag,1579197966,0
925,x_prec_width_fn_pos_ljzp_ignoreflag,1579197966,0
926,x_prec_width_nn_pos_ljzp_ignoreflag,1579197966,0
927,x_size_hh_pos_casted,1579197966,0
928,x_size_h_pos_casted,1579197966,0
929,x_size_l_pos_casted,1579197966,0
930,x_size_ll_pos_casted,1579197966,0
931,x_size_hh_pos_ref,1579197966,0
932,x_size_h_pos_ref,1579197966,0
933,x_size_l_pos_ref,1579197966,0
934,x_size_ll_pos_ref,1579197966,0
935,x_size_l_pos_big,1579197966,0
936,x_size_ll_pos_big,1579197966,0
937,x_ullmax,1579197966,0
938,x_ulmax,1579197966,0
939,x_uhmax,1579197966,0
940,x_uhhmax,1579197966,0
941,x_size_l_pos_big_zp,1579197966,0
942,x_size_ll_pos_big_width,1579197966,0
943,x_size_ll_hh_ll,1579197966,0
944,x_size_h_l_hh,1579197966,0
945,x_size_l_hh_h,1579197966,0
946,x_size_n_ll_hh,1579197966,0
947,x_size_ll_n_l,1579197966,0
948,x_basic_pos_af,1579197966,0
949,x_basic_zero_af,1579197966,0
950,x_basic_onlypos_af,1579197966,0
951,x_hexlmax_af,1579197966,0
952,x_width_pos_fits_af,1579197966,0
953,x_width_zero_fits_af,1579197966,0
954,x_width_pos_exactfit_af,1579197966,0
955,x_width_pos_nofit_af,1579197966,0
956,x_width_pos_fits_lj_af,1579197966,0
957,x_width_zero_fits_lj_af,1579197966,0
958,x_width_pos_exactfit_lj_af,1579197966,0
959,x_width_pos_nofit_lj_af,1579197966,0
960,x_prec_fits_pos_af,1579197966,0
961,x_prec_fits_zero_af,1579197966,0
962,x_prec_exactfit_pos_af,1579197966,0
963,x_prec_nofit_pos_af,1579197966,0
964,x_zp_pos_fits_af,1579197966,0
965,x_zp_zero_fits_af,1579197966,0
966,x_zp_pos_exactfit_af,1579197966,0
967,x_prec_width_fit_fit_pos_af,1579197966,0
968,x_prec_width_fit_fit_zero_af,1579197966,0
969,x_prec_width_nofit_fit_pos_af,1579197966,0
970,x_prec_width_fit_nofit_pos_af,1579197966,0
971,x_prec_width_nofit_nofit_pos_af,1579197966,0
972,x_prec_width_fit_fit_pos_lj_af,1579197966,0
973,x_prec_width_fit_fit_zero_lj_af,1579197966,0
974,x_prec_width_nofit_fit_pos_lj_af,1579197966,0
975,x_prec_width_fit_nofit_pos_lj_af,1579197966,0
976,x_prec_width_nofit_nofit_pos_lj_af,1579197966,0
977,x_prec_width_ff_pos_zp_af,1579197966,0
978,x_prec_width_ff_zero_zp_af,1579197966,0
979,x_prec_width_nf_pos_zp_af,1579197966,0
980,x_prec_width_fn_pos_zp_af,1579197966,0
981,x_prec_width_nn_pos_zp_af,1579197966,0
982,x_prec_width_ff_pos_ljzpaf_ignoreflag,1579197966,0
983,x_prec_width_ff_zero_ljzpaf_ignoreflag,1579197966,0
984,x_prec_width_nf_pos_ljzpaf_ignoreflag,1579197966,0
985,x_prec_width_fn_pos_ljzpaf_ignoreflag,1579197966,0
986,x_prec_width_nn_pos_ljzpaf_ignoreflag,1579197966,0
987,x_size_hh_pos_casted_af,1579197966,0
988,x_size_h_pos_casted_af,1579197966,0
989,x_size_l_pos_casted_af,1579197966,0
990,x_size_ll_pos_casted_af,1579197966,0
991,x_size_hh_pos_ref_af,1579197966,0
992,x_size_h_pos_ref_af,1579197966,0
993,x_size_l_pos_ref_af,1579197966,0
994,x_size_ll_pos_ref_af,1579197966,0
995,x_size_l_pos_big_af,1579197966,0
996,x_size_ll_pos_big_af,1579197966,0
997,x_ullmax_af,1579197966,0
998,x_ulmax_af,1579197966,0
999,x_uhmax_af,1579197966,0
1000,x_uhhmax_af,1579197966,0
1001,x_size_l_pos_big_zp_af,1579197966,0
1002,x_size_ll_pos_big_width_af,1579197966,0
1003,x_size_ll_hh_ll_af,1579197966,0
1004,x_size_h_l_hh_af,1579197966,0
1005,x_size_l_hh_h_af,1579197966,0
1006,x_size_n_ll_hh_af,1579197966,0
1007,x_size_ll_n_l_af,1579197966,0
1008,x_prec0val0_basic,1579197966,0
1009,x_prec0val0_implicit,1579197966,0
1010,x_prec0val0_w,1579197966,0
1011,x_prec0val0_w_impl,1579197966,0
1012,x_prec0val0_wlj,1579197966,0
1013,x_prec0val0_wlj_impl,1579197966,0
1014,x_prec0val0_af,1579197966,0
1015,x_prec0val0_af_impl,1579197966,0
1016,x_prec0val0_waf,1579197966,0
1017,x_prec0val0_waf_impl,1579197966,0
1018,x_prec0val0_waflj,1579197966,0
1019,x_prec0val0_waflj_impl,1579197966,0
1020,X_basic_hexu_pos,1579197384,0
1021,X_basic_hexu_zero,1579197384,0
1022,X_basic_hexu_onlypos,1579197384,0
1023,X_hexumax,1579197384,0
1024,X_width_pos_fits,1579197384,0
1025,X_width_zero_fits,1579197384,0
1026,X_width_pos_exactfit,1579197384,0
1027,X_width_pos_nofit,1579197384,0
1028,X_width_pos_fits_lj,1579197384,0
1029,X_width_zero_fits_lj,1579197384,0
1030,X_width_pos_exactfit_lj,1579197384,0
1031,X_width_pos_nofit_lj,1579197384,0
1032,X_prec_fits_pos,1579197384,0
1033,X_prec_fits_zero,1579197384,0
1034,X_prec_exactfit_pos,1579197384,0
1035,X_prec_nofit_pos,1579197384,0
1036,X_zp_pos_fits,1579197384,0
1037,X_zp_zero_fits,1579197384,0
1038,X_zp_pos_exactfit,1579197384,0
1039,X_prec_width_fit_fit_pos,1579197384,0
1040,X_prec_width_fit_fit_zero,1579197384,0
1041,X_prec_width_nofit_fit_pos,1579197384,0
1042,X_prec_width_fit_nofit_pos,1579197384,0
1043,X_prec_width_nofit_nofit_pos,1579197384,0
1044,X_prec_width_fit_fit_pos_lj,1579197384,0
1045,X_prec_width_fit_fit_zero_lj,1579197384,0
1046,X_prec_width_nofit_fit_pos_lj,1579197384,0
1047,X_prec_width_fit_nofit_pos_lj,1579197384,0
1048,X_prec_width_nofit_nofit_pos_lj,1579197384,0
1049,X_prec_width_ff_pos_zp,1579197384,0
1050,X_prec_width_ff_zero_zp,1579197384,0
1051,X_prec_width_nf_pos_zp,1579197384,0
1052,X_prec_width_fn_pos_zp,1579197384,0
1053,X_prec_width_nn_pos_zp,1579197384,0
1054,X_prec_width_ff_pos_ljzp_ignoreflag,1579197384,0
1055,X_prec_width_ff_zero_ljzp_ignoreflag,1579197384,0
1056,X_prec_width_nf_pos_ljzp_ignoreflag,1579197384,0
1057,X_prec_width_fn_pos_ljzp_ignoreflag,1579197384,0
1058,X_prec_width_nn_pos_ljzp_ignoreflag,1579197384,0
1059,X_size_hh_pos_casted,1579197384,0
1060,X_size_h_pos_casted,1579197384,0
1061,X_size_l_pos_casted,1579197384,0
1062,X_size_ll_pos_casted,1579197384,0
1063,X_size_hh_pos_ref,1579197384,0
1064,X_size_h_pos_ref,1579197384,0
1065,X_size_l_pos_ref,1579197384,0
1066,X_size_ll_pos_ref,1579197384,0
1067,X_size_l_pos_big,1579197384,0
1068,X_size_ll_pos_big,1579197384,0
1069,X_ullmax,1579197384,0
1070,X_ulmax,1579197384,0
1071,X_uhmax,1579197384,0
1072,X_uhhmax,1579197384,0
1073,X_size_l_pos_big_zp,1579197384,0
1074,X_size_ll_pos_big_width,1579197384,0
1075,X_size_ll_hh_ll,1579197384,0
1076,X_size_h_l_hh,1579197384,0
1077,X_size_l_hh_h,1579197384,0
1078,X_size_n_ll_hh,1579197384,0
1079,X_size_ll_n_l,1579197384,0
1080,X_basic_hexu_pos_af,1579197384,0
1081,X_basic_hexu_zero_af,1579197384,0
1082,X_basic_hexu_onlypos_af,1579197384,0
1083,X_hexumax_af,1579197384,0
1084,X_width_pos_fits_af,1579197384,0
1085,X_width_zero_fits_af,1579197384,0
1086,X_width_pos_exactfit_af,1579197384,0
1087,X_width_pos_nofit_af,1579197384,0
1088,X_width_pos_fits_lj_af,1579197384,0
1089,X_width_zero_fits_lj_af,1579197384,0
1090,X_width_pos_exactfit_lj_af,1579197384,0
1091,X_width_pos_nofit_lj_af,1579197384,0
1092,X_prec_fits_pos_af,1579197384,0
1093,X_prec_fits_zero_af,1579197384,0
1094,X_prec_exactfit_pos_af,1579197384,0
1095,X_prec_nofit_pos_af,1579197384,0
1096,X_zp_pos_fits_af,1579197384,0
1097,X_zp_zero_fits_af,1579197384,0
1098,X_zp_pos_exactfit_af,1579197384,0
1099,X_prec_width_fit_fit_pos_af,1579197384,0
1100,X_prec_width_fit_fit_zero_af,1579197384,0
1101,X_prec_width_nofit_fit_pos_af,1579197384,0
1102,X_prec_width_fit_nofit_pos_af,1579197384,0
1103,X_prec_width_nofit_nofit_pos_af,1579197384,0
1104,X_prec_width_fit_fit_pos_lj_af,1579197384,0
1105,X_prec_width_fit_fit_zero_lj_af,1579197384,0
1106,X_prec_width_nofit_fit_pos_lj_af,1579197384,0
1107,X_prec_width_fit_nofit_pos_lj_af,1579197384,0
1108,X_prec_width_nofit_nofit_pos_lj_af,1579197384,0
1109,X_prec_width_ff_pos_zp_af,1579197384,0
1110,X_prec_width_ff_zero_zp_af,1579197384,0
1111,X_prec_width_nf_pos_zp_af,1579197384,0
1112,X_prec_width_fn_pos_zp_af,1579197384,0
1113,X_prec_width_nn_pos_zp_af,1579197384,0
1114,X_prec_width_ff_pos_ljzpaf_ignoreflag,1579197384,0
1115,X_prec_width_ff_zero_ljzpaf_ignoreflag,1579197384,0
1116,X_prec_width_nf_pos_ljzpaf_ignoreflag,1579197384,0
1117,X_prec_width_fn_pos_ljzpaf_ignoreflag,1579197384,0
1118,X_prec_width_nn_pos_ljzpaf_ignoreflag,1579197384,0
1119,X_size_hh_pos_casted_af,1579197384,0
1120,X_size_h_pos_casted_af,1579197384,0
1121,X_size_l_pos_casted_af,1579197384,0
1122,X_size_ll_pos_casted_af,1579197384,0
1123,X_size_hh_pos_ref_af,1579197384,0
1124,X_size_h_pos_ref_af,1579197384,0
1125,X_size_l_pos_ref_af,1579197384,0
1126,X_size_ll_pos_ref_af,1579197384,0
1127,X_size_l_pos_big_af,1579197384,0
1128,X_size_ll_pos_big_af,1579197384,0
1129,X_ullmax_af,1579197384,0
1130,X_ulmax_af,1579197384,0
1131,X_uhmax_af,1579197384,0
1132,X_uhhmax_af,1579197384,0
1133,X_size_l_pos_big_zp_af,1579197384,0
1134,X_size_ll_pos_big_width_af,1579197384,0
1135,X_size_ll_hh_ll_af,1579197384,0
1136,X_size_h_l_hh_af,1579197384,0
1137,X_size_l_hh_h_af,1579197384,0
1138,X_size_n_ll_hh_af,1579197384,0
1139,X_size_ll_n_l_af,1579197384,0
1140,X_prec0val0_basic,1579197384,0
1141,X_prec0val0_implicit,1579197384,0
1142,X_prec0val0_w,1579197384,0
1143,X_prec0val0_w_impl,1579197384,0
1144,X_prec0val0_wlj,1579197384,0
1145,X_prec0val0_wlj_impl,1579197384,0
1146,X_prec0val0_af,1579197384,0
1147,X_prec0val0_af_impl,1579197384,0
1148,X_prec0val0_waf,1579197384,0
1149,X_prec0val0_waf_impl,1579197384,0
1150,X_prec0val0_waflj,1579197384,0
1151,X_prec0val0_waflj_impl,1579197384,0
1152,o_basic_octl_pos,0,1579019461
1153,o_basic_octl_zero,0,1579019461
1154,o_basic_octl_onlypos,0,1579019461
1155,o_octlmax,0,1579019461
1156,o_width_pos_fits,0,1579019461
1157,o_width_zero_fits,0,1579019461
1158,o_width_pos_exactfit,0,1579019461
1159,o_width_pos_nofit,0,1579019461
1160,o_width_pos_fits_lj,0,1579019461
1161,o_width_zero_fits_lj,0,1579019461
1162,o_width_pos_exactfit_lj,0,1579019461
1163,o_width_pos_nofit_lj,0,1579019461
1164,o_prec_fits_pos,0,1579019461
1165,o_prec_fits_zero,0,1579019461
1166,o_prec_exactfit_pos,0,1579019461
1167,o_prec_nofit_pos,0,1579019461
1168,o_zp_pos_fits,0,1579019461
1169,o_zp_zero_fits,0,1579019461
1170,o_zp_pos_exactfit,0,1579019461
1171,o_prec_width_fit_fit_pos,0,1579019461
1172,o_prec_width_fit_fit_zero,0,1579019461
1173,o_prec_width_nofit_fit_pos,0,1579019461
1174,o_prec_width_fit_nofit_pos,0,1579019461
1175,o_prec_width_nofit_nofit_pos,0,1579019461
1176,o_prec_width_fit_fit_pos_lj,0,1579019461
1177,o_prec_width_fit_fit_zero_lj,0,1579019461
1178,o_prec_width_nofit_fit_pos_lj,0,1579019461
1179,o_prec_width_fit_nofit_pos_lj,0,1579019461
1180,o_prec_width_nofit_nofit_pos_lj,0,1579019461
1181,o_prec_width_ff_pos_zp,0,1579019461
1182,o_prec_width_ff_zero_zp,0,1579019461
1183,o_prec_width_nf_pos_zp,0,1579019461
1184,o_prec_width_fn_pos_zp,0,1579019461
1185,o_prec_width_nn_pos_zp,0,1579019461
1186,o_prec_width_ff_pos_ljzp_ignoreflag,0,1579019461
1187,o_prec_width_ff_zero_ljzp_ignoreflag,0,1579019461
1188,o_prec_width_nf_pos_ljzp_ignoreflag,0,1579019461
1189,o_prec_width_fn_pos_ljzp_ignoreflag,0,1579019461
1190,o_prec_width_nn_pos_ljzp_ignoreflag,0,1579019461
1191,o_size_hh_pos_casted,0,1579019461
1192,o_size_h_pos_casted,0,1579019461
1193,o_size_l_pos_casted,0,1579019461
1194,o_size_ll_pos_casted,0,1579019461
1195,o_size_hh_pos_ref,0,1579019461
1196,o_size_h_pos_ref,0,1579019461
1197,o_size_l_pos_ref,0,1579019461
1198,o_size_ll_pos_ref,0,1579019461
1199,o_size_l_pos_big,0,1579019461
1200,o_size_ll_pos_big,0,1579019461
1201,o_ullmax,0,1579019461
1202,o_ulmax,0,1579019461
1203,o_uhmax,0,1579019461
1204,o_uhhmax,0,1579019461
1205,o_size_l_pos_big_zp,0,1579019461
1206,o_size_ll_pos_big_width,0,1579019461
1207,o_size_ll_hh_ll,0,1579019461
1208,o_size_h_l_hh,0,1579019461
1209,o_size_l_hh_h,0,1579019461
1210,o_size_n_ll_hh,0,1579019461
1211,o_size_ll_n_l,0,1579019461
1212,o_basic_octl_pos_af,0,1579019461
1213,o_basic_octl_zero_af,0,1579019461
1214,o_basic_octl_onlypos_af,0,1579019461
1215,o_octlmax_af,0,1579019461
1216,o_width_pos_fits_af,0,1579019461
1217,o_width_zero_fits_af,0,1579019461
1218,o_width_pos_exactfit_af,0,1579019461
1219,o_width_pos_nofit_af,0,1579019461
1220,o_width_pos_fits_lj_af,0,1579019461
1221,o_width_zero_fits_lj_af,0,1579019461
1222,o_width_pos_exactfit_lj_af,0,1579019461
1223,o_width_pos_nofit_lj_af,0,1579019461
1224,o_prec_fits_pos_af,0,1579019461
1225,o_prec_fits_zero_af,0,1579019461
1226,o_prec_exactfit_pos_af,0,1579019461
1227,o_prec_nofit_pos_af,0,1579019461
1228,o_zp_pos_fits_af,0,1579019461
1229,o_zp_zero_fits_af,0,1579019461
1230,o_zp_pos_exactfit_af,0,1579019461
1231,o_prec_width_fit_fit_pos_af,0,1579019461
1232,o_prec_width_fit_fit_zero_af,0,1579019461
1233,o_prec_width_nofit_fit_pos_af,0,1579019461
1234,o_prec_width_fit_nofit_pos_af,0,1579019461
1235,o_prec_width_nofit_nofit_pos_af,0,1579019461
1236,o_prec_width_fit_fit_pos_lj_af,0,1579019461
1237,o_prec_width_fit_fit_zero_lj_af,0,1579019461
1238,o_prec_width_nofit_fit_pos_lj_af,0,1579019461
1239,o_prec_width_fit_nofit_pos_lj_af,0,1579019461
1240,o_prec_width_nofit_nofit_pos_lj_af,0,1579019461
1241,o_prec_width_ff_pos_zp_af,0,1579019461
1242,o_prec_width_ff_zero_zp_af,0,1579019461
1243,o_prec_width_nf_pos_zp_af,0,1579019461
1244,o_prec_width_fn_pos_zp_af,0,1579019461
1245,o_prec_width_nn_pos_zp_af,0,1579019461
1246,o_prec_width_ff_pos_ljzpaf_ignoreflag,0,1579019461
1247,o_prec_width_ff_zero_ljzpaf_ignoreflag,0,1579019461
1248,o_prec_width_nf_pos_ljzpaf_ignoreflag,0,1579019461
1249,o_prec_width_fn_pos_ljzpaf_ignoreflag,0,1579019461
1250,o_prec_width_nn_pos_ljzpaf_ignoreflag,0,1579019461
1251,o_size_hh_pos_casted_af,0,1579019461
1252,o_size_h_pos_casted_af,0,1579019461
1253,o_size_l_pos_casted_af,0,1579019461
1254,o_size_ll_pos_casted_af,0,1579019461
1255,o_size_hh_pos_ref_af,0,1579019461
1256,o_size_h_pos_ref_af,0,1579019461
1257,o_size_l_pos_ref_af,0,1579019461
1258,o_size_ll_pos_ref_af,0,1579019461
1259,o_size_l_pos_big_af,0,1579019461
1260,o_size_ll_pos_big_af,0,1579019461
1261,o_ullmax_af,0,1579019461
1262,o_ulmax_af,0,1579019461
1263,o_uhmax_af,0,1579019461
1264,o_uhhmax_af,0,1579019461
1265,o_size_l_pos_big_zp_af,0,1579019461
1266,o_size_ll_pos_big_width_af,0,1579019461
1267,o_size_ll_hh_ll_af,0,1579019461
1268,o_size_h_l_hh_af,0,1579019461
1269,o_size_l_hh_h_af,0,1579019461
1270,o_size_n_ll_hh_af,0,1579019461
1271,o_size_ll_n_l_af,0,1579019461
1272,o_prec0val0_basic,1579019461,0
1273,o_prec0val0_implicit,1579019461,0
1274,o_prec0val0_w,0,1579019461
1275,o_prec0val0_w_impl,0,1579019461
1276,o_prec0val0_wlj,0,1579019461
1277,o_prec0val0_wlj_impl,0,1579019461
1278,o_prec0val0_af,0,1579019461
1279,o_prec0val0_af_impl,0,1579019461
1280,o_prec0val0_waf,0,1579019461
1281,o_prec0val0_waf_impl,0,1579019461
1282,o_prec0val0_waflj,0,1579019461
1283,o_prec0val0_waflj_impl,0,1579019461
1284,p_null,1579197370,0
1289,p_ftfc_5w_throwswarning,1579197370,0
1290,p_basic,1579197370,0
1291,p_width_fit,1579197370,0
1292,p_width_nofit,1579197370,0
1293,p_width_16,1579197370,0
1294,p_width_8,1579197370,0
1295,p_width_32,1579197370,0
1296,p_width_fit_lj,1579197370,0
1297,p_width_nofit_lj,1579197370,0
1298,p_width_16_lj,1579197370,0
1299,p_width_8_lj,1579197370,0
1300,p_width_32_lj,1579197370,0
1301,c_allprintable_combined,1579197963,0
1302,c_1_31_combined,1579197963,0
1303,c_128_255_combined,1579197963,0
1304,c_allprintable_width,1579197963,0
1305,c_1_31_width,1579197963,0
1306,c_128_255_width,1579197963,0
1307,c_allprintable_width_lj,1579197963,0
1308,c_1_31_width_lj,1579197963,0
1309,c_128_255_width_lj,1579197963,0
1310,c_nullterm_basic,1579197963,0
1311,c_nullterm_5w,1579197963,0
1312,c_nullterm_5wlj,1579197963,0
1313,f_basic_1,0,1579197262
1314,f_basic_fltonly,0,1579197262
1315,f_basic_whole,0,1579197262
1316,f_basic_negative,0,1579197262
1317,f_basic_positive_3_3,0,1579197262
1318,f_basic_negative_3_3,0,1579197262
1319,f_basic_positive_smallfpart,0,1579197262
1320,f_basic_positive_allsmall,0,1579197262
1321,f_basic_negative_smallfpart,0,1579197262
1322,f_basic_negative_allsmall,0,1579197262
1323,f_basic_limits_allsmall_pos,0,1579197262
1324,f_basic_limits_allsmall_neg,0,1579197262
1325,f_basic_limits_smallfpart_pos,0,1579197262
1326,f_basic_limits_smallfpart_neg,0,1579197262
1327,f_basic_limits_allbig_pos,0,1579197262
1328,f_basic_limits_allbig_neg,0,1579197262
1329,f_basic_limits_bigfpart_pos,0,1579197262
1330,f_basic_limits_bigfpart_neg,0,1579197262
1331,f_rndd_pos,0,1579197262
1332,f_rndd_neg,0,1579197262
1333,f_rndu_pos,0,1579197262
1334,f_rndu_neg,0,1579197262
1335,f_rndu_multidigit_pos,0,1579197262
1336,f_rndu_multidigit_neg,0,1579197262
1337,f_rndd_multidigit_pos,0,1579197262
1338,f_rndd_multidigit_neg,0,1579197262
1339,f_rndd_wholnobump_pos,0,1579197262
1340,f_rndd_wholnobump_neg,0,1579197262
1341,f_rndu_bumpwhole_pos,0,1579197262
1342,f_rndu_bumpwhole_neg,0,1579197262
1343,f_prec0_1,0,1579197262
1344,f_prec0_fltonly,0,1579197262
1345,f_prec0_whole,0,1579197262
1346,f_prec0_negative,0,1579197262
1347,f_prec0_positive_3_3,0,1579197262
1348,f_prec0_negative_3_3,0,1579197262
1349,f_prec0_positive_smallfpart,0,1579197262
1350,f_prec0_positive_allsmall,0,1579197262
1351,f_prec0_negative_smallfpart,0,1579197262
1352,f_prec0_negative_allsmall,0,1579197262
1353,f_prec1_1,0,1579197262
1354,f_prec1_fltonly,0,1579197262
1355,f_prec1_whole,0,1579197262
1356,f_prec1_negative,0,1579197262
1357,f_prec1_positive_3_3,0,1579197262
1358,f_prec1_negative_3_3,0,1579197262
1359,f_prec1_positive_smallfpart,0,1579197262
1360,f_prec1_positive_allsmall,0,1579197262
1361,f_prec1_negative_smallfpart,0,1579197262
1362,f_prec1_negative_allsmall,0,1579197262
1363,f_prec3_1,0,1579197262
1364,f_prec3_fltonly,0,1579197262
1365,f_prec3_whole,0,1579197262
1366,f_prec3_negative,0,1579197262
1367,f_prec3_positive_3_3,0,1579197262
1368,f_prec3_negative_3_3,0,1579197262
1369,f_prec3_positive_smallfpart,0,1579197262
1370,f_prec3_positive_allsmall,0,1579197262
1371,f_prec3_negative_smallfpart,0,1579197262
1372,f_prec3_negative_allsmall,0,1579197262
1373,f_prec7_1,0,1579197262
1374,f_prec7_fltonly,0,1579197262
1375,f_prec7_whole,0,1579197262
1376,f_prec7_negative,0,1579197262
1377,f_prec7_positive_3_3,0,1579197262
1378,f_prec7_negative_3_3,0,1579197262
1379,f_prec7_positive_smallfpart,0,1579197262
1380,f_prec7_positive_allsmall,0,1579197262
1381,f_prec7_negative_smallfpart,0,1579197262
1382,f_prec7_negative_allsmall,0,1579197262
1383,f_prec7_limits_allsmall_pos,0,1579197262
1384,f_prec7_limits_allsmall_neg,0,1579197262
1385,f_prec7_limits_smallfpart_pos,0,1579197262
1386,f_prec7_limits_smallfpart_neg,0,1579197262
1387,f_prec7_limits_allbig_pos,0,1579197262
1388,f_prec7_limits_allbig_neg,0,1579197262
1389,f_prec7_limits_bigfpart_pos,0,1579197262
1390,f_prec7_limits_bigfpart_neg,0,1579197262
1391,f_rnd_prec7_rndd_pos,0,1579197262
1392,f_rnd_prec7_rndd_neg,0,1579197262
1393,f_rnd_prec7_rndu_pos,0,1579197262
1394,f_rnd_prec7_rndu_neg,0,1579197262
1395,f_rnd_prec7_rndu_multidigit_pos,0,1579197262
1396,f_rnd_prec7_rndu_multidigit_neg,0,1579197262
1397,f_rnd_prec7_rndd_multidigit_pos,0,1579197262
1398,f_rnd_prec7_rndd_multidigit_neg,0,1579197262
1399,f_rnd_prec7_rndd_wholnobump_pos,0,1579197262
1400,f_rnd_prec7_rndd_wholnobump_neg,0,1579197262
1401,f_rnd_prec7_rndu_bumpwhole_pos,0,1579197262
1402,f_prec8_1,0,1579197262
1403,f_prec8_fltonly,0,1579197262
1404,f_prec8_whole,0,1579197262
1405,f_prec8_negative,0,1579197262
1406,f_prec8_positive_3_3,0,1579197262
1407,f_prec8_negative_3_3,0,1579197262
1408,f_prec8_positive_smallfpart,0,1579197262
1409,f_prec8_positive_allsmall,0,1579197262
1410,f_prec8_negative_smallfpart,0,1579197262
1411,f_prec8_negative_allsmall,0,1579197262
1412,f_prec8_limits_allsmall_pos,0,1579197262
1413,f_prec8_limits_allsmall_neg,0,1579197262
1414,f_prec8_limits_smallfpart_pos,0,1579197262
1415,f_prec8_limits_smallfpart_neg,0,1579197262
1416,f_prec8_limits_allbig_pos,0,1579197262
1417,f_prec8_limits_allbig_neg,0,1579197262
1418,f_prec8_limits_bigfpart_pos,0,1579197262
1419,f_prec8_limits_bigfpart_neg,0,1579197262
1420,f_rnd_prec8_rndd_pos,0,1579197262
1421,f_rnd_prec8_rndd_neg,0,1579197262
1422,f_rnd_prec8_rndu_pos,0,1579197262
1423,f_rnd_prec8_rndu_neg,0,1579197262
1424,f_rnd_prec8_rndu_multidigit_pos,0,1579197262
1425,f_rnd_prec8_rndu_multidigit_neg,0,1579197262
1426,f_rnd_prec8_rndd_multidigit_pos,0,1579197262
1427,f_rnd_prec8_rndd_multidigit_neg,0,1579197262
1428,f_rnd_prec8_rndd_wholnobump_pos,0,1579197262
1429,f_rnd_prec8_rndd_wholnobump_neg,0,1579197262
1430,f_rnd_prec8_rndu_bumpwhole_pos,0,1579197262
1431,f_stress_prec9_1,0,1579197262
1432,f_stress_prec9_fltonly,0,1579197262
1433,f_stress_prec9_whole,0,1579197262
1434,f_stress_prec9_negative,0,1579197262
1435,f_stress_prec9_positive_3_3,0,1579197262
1436,f_stress_prec9_negative_3_3,0,1579197262
1437,f_stress_prec9_positive_smallfpart,0,1579197262
1438,f_stress_prec9_positive_allsmall,0,1579197262
1439,f_stress_prec9_negative_smallfpart,0,1579197262
1440,f_stress_prec9_negative_allsmall,0,1579197262
1441,f_stress_prec9_limits_allsmall_pos,0,1579197262
1442,f_stress_prec9_limits_allsmall_neg,0,1579197262
1443,f_stress_prec9_limits_smallfpart_pos,0,1579197262
1444,f_stress_prec9_limits_smallfpart_neg,0,1579197262
1445,f_stress_prec9_limits_allbig_pos,0,1579197262
1446,f_stress_prec9_limits_allbig_neg,0,1579197262
1447,f_stress_prec9_limits_bigfpart_pos,0,1579197262
1448,f_stress_prec9_limits_bigfpart_neg,0,1579197262
1449,f_stress_prec9_rndd_pos,0,1579197262
1450,f_stress_prec9_rndd_neg,0,1579197262
1451,f_stress_prec9_rndu_pos,0,1579197262
1452,f_stress_prec9_rndu_neg,0,1579197262
1453,f_stress_prec9_rndu_multidigit_pos,0,1579197262
1454,f_stress_prec9_rndu_multidigit_neg,0,1579197262
1455,f_stress_prec9_rndd_multidigit_pos,0,1579197262
1456,f_stress_prec9_rndd_multidigit_neg,0,1579197262
1457,f_stress_prec9_rndd_wholnobump_pos,0,1579197262
1458,f_stress_prec9_rndd_wholnobump_neg,0,1579197262
1459,f_stress_prec9_rndu_bumpwhole_pos,0,1579197262
1460,f_stress_prec10_1,0,1579197262
1461,f_stress_prec10_fltonly,0,1579197262
1462,f_stress_prec10_whole,0,1579197262
1463,f_stress_prec10_negative,0,1579197262
1464,f_stress_prec10_positive_3_10,0,1579197262
1465,f_stress_prec10_negative_3_10,0,1579197262
1466,f_stress_prec10_pos,0,1579197262
1467,f_stress_prec10_neg,0,1579197262
1468,f_stress_prec10_rndd_pos,0,1579197262
1469,f_stress_prec10_rndd_neg,0,1579197262
1470,f_stress_prec10_rndu_pos,0,1579197262
1471,f_stress_prec10_rndu_neg,0,1579197262
1472,f_stress_prec10_positive_smallfpart,0,1579197262
1473,f_stress_prec10_positive_allsmall,0,1579197262
1474,f_stress_prec10_negative_smallfpart,0,1579197262
1475,f_stress_prec10_negative_allsmall,0,1579197262
1476,f_stress_prec10_limits_allsmall_pos,0,1579197262
1477,f_stress_prec10_limits_allsmall_neg,0,1579197262
1478,f_stress_prec10_limits_smallfpart_pos,0,1579197262
1479,f_stress_prec10_limits_smallfpart_neg,0,1579197262
1480,f_stress_prec10_limits_allbig_pos,0,1579197262
1481,f_stress_prec10_limits_allbig_neg,0,1579197262
1482,f_stress_prec10_limits_bigfpart_pos,0,1579197262
1483,f_stress_prec10_limits_bigfpart_neg,0,1579197262
1484,f_stress_prec11_rndu,0,1579197262
1485,f_stress_prec11_rndd,0,1579197262
1486,f_stress_prec11_limits_tiny,0,1579197262
1487,f_stress_prec11_limits_big,0,1579197262
1488,f_stress_prec12_rndu,0,1579197262
1489,f_stress_prec12_rndd,0,1579197262
1490,f_stress_prec12_limits_tiny,0,1579197262
1491,f_stress_prec12_limits_big,0,1579197262
1492,f_stress_prec13_rndu,0,1579197262
1493,f_stress_prec13_rndd,0,1579197262
1494,f_stress_prec13_limits_tiny,0,1579197262
1495,f_stress_prec13_limits_big,0,1579197262
1496,f_stress_prec14_rndu,0,1579197262
1497,f_stress_prec14_rndd,0,1579197262
1498,f_stress_prec14_limits_tiny,0,1579197262
1499,f_stress_prec14_limits_big,0,1579197262
1500,f_stress_prec15_rndu,0,1579197262
1501,f_stress_prec15_rndd,0,1579197262
1502,f_stress_prec15_limits_tiny,0,1579197262
1503,f_stress_prec15_limits_big,0,1579197262
1504,f_stress_prec16_rndu,0,1579197262
1505,f_stress_prec16_rndd,0,1579197262
1506,f_stress_prec16_limits_tiny,0,1579197262
1507,f_stress_prec16_limits_big,0,1579197262
1508,f_stress_prec17_rndu,0,1579197262
1509,f_stress_prec17_rndd,0,1579197262
1510,f_stress_prec17_limits_tiny,0,1579197262
1511,f_stress_prec17_limits_big,0,1579197262
1512,f_stress_prec18_rndu,0,1579197262
1513,f_stress_prec18_rndd,0,1579197262
1514,f_af_prec0p,0,1579197262
1515,f_af_prec1p,0,1579197262
1516,f_af_prec0n,0,1579197262
1517,f_af_prec1n,0,1579197262
1518,f_as_prec0p_as,0,1579197262
1519,f_as_prec3p_as,0,1579197262
1520,f_as_prec0n_as,0,1579197262
1521,f_as_prec3n_as,0,1579197262
1522,f_wprec0p,0,1579197262
1523,f_wprec1p,0,1579197262
1524,f_wprec3p,0,1579197262
1525,f_wprec6p,0,1579197262
1526,f_wprec0n,0,1579197262
1527,f_wprec1n,0,1579197262
1528,f_wprec3n,0,1579197262
1529,f_wprec6n,0,1579197262
1530,f_wzp_prec0p,0,1579197262
1531,f_wzp_prec1p,0,1579197262
1532,f_wzp_prec3p,0,1579197262
1533,f_wzp_prec6p,0,1579197262
1534,f_wzp_prec0n,0,1579197262
1535,f_wzp_prec1n,0,1579197262
1536,f_wzp_prec3n,0,1579197262
1537,f_wzp_prec6n,0,1579197262
1538,f_wlj_prec0p,0,1579197262
1539,f_wlj_prec1p,0,1579197262
1540,f_wlj_prec3p,0,1579197262
1541,f_wlj_prec6p,0,1579197262
1542,f_wlj_prec0n,0,1579197262
1543,f_wlj_prec1n,0,1579197262
1544,f_wlj_prec3n,0,1579197262
1545,f_wlj_prec6n,0,1579197262
1546,f_wzplj_prec0p_ignoreflag,0,1579197262
1547,f_wzplj_prec1p_ignoreflag,0,1579197262
1548,f_wzplj_prec3p_ignoreflag,0,1579197262
1549,f_wzplj_prec6p_ignoreflag,0,1579197262
1550,f_wzplj_prec0n_ignoreflag,0,1579197262
1551,f_wzplj_prec1n_ignoreflag,0,1579197262
1552,f_wzplj_prec3n_ignoreflag,0,1579197262
1553,f_wzplj_prec6n_ignoreflag,0,1579197262
1554,f_wzpljr_prec0p_ignoreflag,0,1579197262
1555,f_wzpljr_prec1p_ignoreflag,0,1579197262
1556,f_wzpljr_prec3p_ignoreflag,0,1579197262
1557,f_wzpljr_prec6p_ignoreflag,0,1579197262
1558,f_wzpljr_prec0n_ignoreflag,0,1579197262
1559,f_wzpljr_prec1n_ignoreflag,0,1579197262
1560,f_wzpljr_prec3n_ignoreflag,0,1579197262
1561,f_wzpljr_prec6n_ignoreflag,0,1579197262
1562,f_wzpljaf_prec0p,0,1579197262
1563,f_wzpljaf_prec1p,0,1579197262
1564,f_wzpljaf_prec3p,0,1579197262
1565,f_wzpljaf_prec6p,0,1579197262
1566,f_wzpljaf_prec0n,0,1579197262
1567,f_wzpljaf_prec1n,0,1579197262
1568,f_wzpljaf_prec3n,0,1579197262
1569,f_wzpljaf_prec6n,0,1579197262
1570,f_was_prec0p,0,1579197262
1571,f_was_prec1p,0,1579197262
1572,f_was_prec3p,0,1579197262
1573,f_was_prec6p,0,1579197262
1574,f_was_prec0n,0,1579197262
1575,f_was_prec1n,0,1579197262
1576,f_was_prec3n,0,1579197262
1577,f_was_prec6n,0,1579197262
1578,f_wzpas_prec0p,0,1579197262
1579,f_wzpas_prec1p,0,1579197262
1580,f_wzpas_prec3p,0,1579197262
1581,f_wzpas_prec6p,0,1579197262
1582,f_wzpas_prec0n,0,1579197262
1583,f_wzpas_prec1n,0,1579197262
1584,f_wzpas_prec3n,0,1579197262
1585,f_wzpas_prec6n,0,1579197262
1586,f_wljas_prec0p,0,1579197262
1587,f_wljas_prec1p,0,1579197262
1588,f_wljas_prec3p,0,1579197262
1589,f_wljas_prec6p,0,1579197262
1590,f_wljas_prec0n,0,1579197262
1591,f_wljas_prec1n,0,1579197262
1592,f_wljas_prec3n,0,1579197262
1593,f_wljas_prec6n,0,1579197262
1594,f_wzpljas_prec0p_ignoreflag,0,1579197262
1595,f_wzpljas_prec1p_ignoreflag,0,1579197262
1596,f_wzpljas_prec3p_ignoreflag,0,1579197262
1597,f_wzpljas_prec6p_ignoreflag,0,1579197262
1598,f_wzpljas_prec0n_ignoreflag,0,1579197262
1599,f_wzpljas_prec1n_ignoreflag,0,1579197262
1600,f_wzpljas_prec3n_ignoreflag,0,1579197262
1601,f_wzpljas_prec6n_ignoreflag,0,1579197262
1602,f_wzpljras_prec0p,0,1579197262
1603,f_wzpljras_prec1p,0,1579197262
1604,f_wzpljras_prec3p,0,1579197262
1605,f_wzpljras_prec6p,0,1579197262
1606,f_wzpljras_prec0n,0,1579197262
1607,f_wzpljras_prec1n,0,1579197262
1608,f_wzpljras_prec3n,0,1579197262
1609,f_wzpljras_prec6n,0,1579197262
1610,f_wzpljafas_prec0p,0,1579197262
1611,f_wzpljafas_prec1p,0,1579197262
1612,f_wzpljafas_prec3p,0,1579197262
1613,f_wzpljafas_prec6p,0,1579197262
1614,f_wzpljafas_prec0n,0,1579197262
1615,f_wzpljafas_prec1n,0,1579197262
1616,f_wzpljafas_prec3n,0,1579197262
1617,f_wzpljafas_prec6n,0,1579197262
1618,f_wsp_prec0p,0,1579197262
1619,f_wsp_prec1p,0,1579197262
1620,f_wsp_prec3p,0,1579197262
1621,f_wsp_prec6p,0,1579197262
1622,f_wsp_prec0n,0,1579197262
1623,f_wsp_prec1n,0,1579197262
1624,f_wsp_prec3n,0,1579197262
1625,f_wsp_prec6n,0,1579197262
1626,f_wzpsp_prec0p,0,1579197262
1627,f_wzpsp_prec1p,0,1579197262
1628,f_wzpsp_prec3p,0,1579197262
1629,f_wzpsp_prec6p,0,1579197262
1630,f_wzpsp_prec0n,0,1579197262
1631,f_wzpsp_prec1n,0,1579197262
1632,f_wzpsp_prec3n,0,1579197262
1633,f_wzpsp_prec6n,0,1579197262
1634,f_wljsp_prec0p,0,1579197262
1635,f_wljsp_prec1p,0,1579197262
1636,f_wljsp_prec3p,0,1579197262
1637,f_wljsp_prec6p,0,1579197262
1638,f_wljsp_prec0n,0,1579197262
1639,f_wljsp_prec1n,0,1579197262
1640,f_wljsp_prec3n,0,1579197262
1641,f_wljsp_prec6n,0,1579197262
1642,f_wzpljsp_prec0p_ignoreflag,0,1579197262
1643,f_wzpljsp_prec1p_ignoreflag,0,1579197262
1644,f_wzpljsp_prec3p_ignoreflag,0,1579197262
1645,f_wzpljsp_prec6p_ignoreflag,0,1579197262
1646,f_wzpljsp_prec0n_ignoreflag,0,1579197262
1647,f_wzpljsp_prec1n_ignoreflag,0,1579197262
1648,f_wzpljsp_prec3n_ignoreflag,0,1579197262
1649,f_wzpljsp_prec6n_ignoreflag,0,1579197262
1650,f_wzpljrsp_prec0p,0,1579197262
1651,f_wzpljrsp_prec1p,0,1579197262
1652,f_wzpljrsp_prec3p,0,1579197262
1653,f_wzpljrsp_prec6p,0,1579197262
1654,f_wzpljrsp_prec0n,0,1579197262
1655,f_wzpljrsp_prec1n,0,1579197262
1656,f_wzpljrsp_prec3n,0,1579197262
1657,f_wzpljrsp_prec6n,0,1579197262
1658,f_wzpljafsp_prec0p,0,1579197262
1659,f_wzpljafsp_prec1p,0,1579197262
1660,f_wzpljafsp_prec3p,0,1579197262
1661,f_wzpljafsp_prec6p,0,1579197262
1662,f_wzpljafsp_prec0n,0,1579197262
1663,f_wzpljafsp_prec1n,0,1579197262
1664,f_wzpljafsp_prec3n,0,1579197262
1665,f_wzpljafsp_prec6n,0,1579197262
1666,f_assp_prec0p_ignoreflag,0,1579197262
1667,f_assp_prec1p_ignoreflag,0,1579197262
1668,f_assp_prec3p_ignoreflag,0,1579197262
1669,f_assp_prec6p_ignoreflag,0,1579197262
1670,f_assp_prec0n_ignoreflag,0,1579197262
1671,f_assp_prec1n_ignoreflag,0,1579197262
1672,f_assp_prec3n_ignoreflag,0,1579197262
1673,f_assp_prec6n_ignoreflag,0,1579197262
1674,f_asspr_prec0p_ignoreflag,0,1579197262
1675,f_asspr_prec1p_ignoreflag,0,1579197262
1676,f_asspr_prec3p_ignoreflag,0,1579197262
1677,f_asspr_prec6p_ignoreflag,0,1579197262
1678,f_asspr_prec0n_ignoreflag,0,1579197262
1679,f_asspr_prec1n_ignoreflag,0,1579197262
1680,f_asspr_prec3n_ignoreflag,0,1579197262
1681,f_asspr_prec6n_ignoreflag,0,1579197262
1704,f_limits_dblmin_prec0,0,1579197262
1705,f_limits_dblmin_prec3,0,1579197262
1706,f_limits_dblmin_precd,0,1579197262
1707,f_limits_dblmin_prec8,0,1579197262
1708,f_stress_limits_dblmin_prec12,0,1579197262
1709,f_stress_limits_dblmin_prec16,0,1579197262
1710,f_stress_limits_dblmin_prec18,0,1579197262
1711,f_limits_ndblmin_prec0,0,1579197262
1712,f_limits_ndblmin_prec3,0,1579197262
1713,f_limits_ndblmin_precd,0,1579197262
1714,f_limits_ndblmin_prec8,0,1579197262
1715,f_stress_limits_ndblmin_prec12,0,1579197262
1716,f_stress_limits_ndblmin_prec16,0,1579197262
1717,f_stress_limits_ndblmin_prec18,0,1579197262
1758,f_L_basic_1,0,1579197262
1759,f_L_basic_fltonly,0,1579197262
1760,f_L_basic_whole,0,1579197262
1761,f_L_basic_negative,0,1579197262
1762,f_L_basic_positive_3_3,0,1579197262
1763,f_L_basic_negative_3_3,0,1579197262
1764,f_L_basic_positive_smallfpart,0,1579197262
1765,f_L_basic_positive_allsmall,0,1579197262
1766,f_L_basic_negative_smallfpart,0,1579197262
1767,f_L_basic_negative_allsmall,0,1579197262
1768,f_L_basic_limits_allsmall_pos,0,1579197262
1769,f_L_basic_limits_allsmall_neg,0,1579197262
1770,f_L_basic_limits_smallfpart_pos,0,1579197262
1771,f_L_basic_limits_smallfpart_neg,0,1579197262
1772,f_L_basic_limits_allbig_pos,0,1579197262
1773,f_L_basic_limits_allbig_neg,0,1579197262
1774,f_L_basic_limits_bigfpart_pos,0,1579197262
1775,f_L_basic_limits_bigfpart_neg,0,1579197262
1776,f_L_rndd_pos,0,1579197262
1777,f_L_rndd_neg,0,1579197262
1778,f_L_rndu_pos,0,1579197262
1779,f_L_rndu_neg,0,1579197262
1780,f_L_rndu_multidigit_pos,0,1579197262
1781,f_L_rndu_multidigit_neg,0,1579197262
1782,f_L_rndd_multidigit_pos,0,1579197262
1783,f_L_rndd_multidigit_neg,0,1579197262
1784,f_L_rndd_wholnobump_pos,0,1579197262
1785,f_L_rndd_wholnobump_neg,0,1579197262
1786,f_L_rndu_bumpwhole_pos,0,1579197262
1787,f_L_rndu_bumpwhole_neg,0,1579197262
1788,f_L_prec7_1,0,1579197262
1789,f_L_prec7_fltonly,0,1579197262
1790,f_L_prec7_whole,0,1579197262
1791,f_L_prec7_negative,0,1579197262
1792,f_L_prec7_positive_3_3,0,1579197262
1793,f_L_prec7_negative_3_3,0,1579197262
1794,f_L_prec7_positive_smallfpart,0,1579197262
1795,f_L_prec7_positive_allsmall,0,1579197262
1796,f_L_prec7_negative_smallfpart,0,1579197262
1797,f_L_prec7_negative_allsmall,0,1579197262
1798,f_L_prec7_limits_allsmall_pos,0,1579197262
1799,f_L_prec7_limits_allsmall_neg,0,1579197262
1800,f_L_prec7_limits_smallfpart_pos,0,1579197262
1801,f_L_prec7_limits_smallfpart_neg,0,1579197262
1802,f_L_prec7_limits_allbig_pos,0,1579197262
1803,f_L_prec7_limits_allbig_neg,0,1579197262
1804,f_L_prec7_limits_bigfpart_pos,0,1579197262
1805,f_L_prec7_limits_bigfpart_neg,0,1579197262
1806,f_L_rnd_prec7_rndd_pos,0,1579197262
1807,f_L_rnd_prec7_rndd_neg,0,1579197262
1808,f_L_rnd_prec7_rndu_pos,0,1579197262
1809,f_L_rnd_prec7_rndu_neg,0,1579197262
1810,f_L_rnd_prec7_rndu_multidigit_pos,0,1579197262
1811,f_L_rnd_prec7_rndu_multidigit_neg,0,1579197262
1812,f_L_rnd_prec7_rndd_multidigit_pos,0,1579197262
1813,f_L_rnd_prec7_rndd_multidigit_neg,0,1579197262
1814,f_L_rnd_prec7_rndd_wholnobump_pos,0,1579197262
1815,f_L_rnd_prec7_rndd_wholnobump_neg,0,1579197262
1816,f_L_rnd_prec7_rndu_bumpwhole_pos,0,1579197262
1817,f_L_prec8_1,0,1579197262
1818,f_L_prec8_fltonly,0,1579197262
1819,f_L_prec8_whole,0,1579197262
1820,f_L_prec8_negative,0,1579197262
1821,f_L_prec8_positive_3_3,0,1579197262
1822,f_L_prec8_negative_3_3,0,1579197262
1823,f_L_prec8_positive_smallfpart,0,1579197262
1824,f_L_prec8_positive_allsmall,0,1579197262
1825,f_L_prec8_negative_smallfpart,0,1579197262
1826,f_L_prec8_negative_allsmall,0,1579197262
1827,f_L_prec8_limits_allsmall_pos,0,1579197262
1828,f_L_prec8_limits_allsmall_neg,0,1579197262
1829,f_L_prec8_limits_smallfpart_pos,0,1579197262
1830,f_L_prec8_limits_smallfpart_neg,0,1579197262
1831,f_L_prec8_limits_allbig_pos,0,1579197262
1832,f_L_prec8_limits_allbig_neg,0,1579197262
1833,f_L_prec8_limits_bigfpart_pos,0,1579197262
1834,f_L_prec8_limits_bigfpart_neg,0,1579197262
1835,f_L_rnd_prec8_rndd_pos,0,1579197262
1836,f_L_rnd_prec8_rndd_neg,0,1579197262
1837,f_L_rnd_prec8_rndu_pos,0,1579197262
1838,f_L_rnd_prec8_rndu_neg,0,1579197262
1839,f_L_rnd_prec8_rndu_multidigit_pos,0,1579197262
1840,f_L_rnd_prec8_rndu_multidigit_neg,0,1579197262
1841,f_L_rnd_prec8_rndd_multidigit_pos,0,1579197262
1842,f_L_rnd_prec8_rndd_multidigit_neg,0,1579197262
1843,f_L_rnd_prec8_rndd_wholnobump_pos,0,1579197262
1844,f_L_rnd_prec8_rndd_wholnobump_neg,0,1579197262
1845,f_L_rnd_prec8_rndu_bumpwhole_pos,0,1579197262
1846,f_L_prec9_1,0,1579197262
1847,f_L_prec9_fltonly,0,1579197262
1848,f_L_prec9_whole,0,1579197262
1849,f_L_prec9_negative,0,1579197262
1850,f_L_prec9_positive_3_3,0,1579197262
1851,f_L_prec9_negative_3_3,0,1579197262
1852,f_L_prec9_positive_smallfpart,0,1579197262
1853,f_L_prec9_positive_allsmall,0,1579197262
1854,f_L_prec9_negative_smallfpart,0,1579197262
1855,f_L_prec9_negative_allsmall,0,1579197262
1856,f_L_prec9_limits_allsmall_pos,0,1579197262
1857,f_L_prec9_limits_allsmall_neg,0,1579197262
1858,f_L_prec9_limits_smallfpart_pos,0,1579197262
1859,f_L_prec9_limits_smallfpart_neg,0,1579197262
1860,f_L_prec9_limits_allbig_pos,0,1579197262
1861,f_L_prec9_limits_allbig_neg,0,1579197262
1862,f_L_prec9_limits_bigfpart_pos,0,1579197262
1863,f_L_prec9_limits_bigfpart_neg,0,1579197262
1864,f_L_rnd_prec9_rndd_pos,0,1579197262
1865,f_L_rnd_prec9_rndd_neg,0,1579197262
1866,f_L_rnd_prec9_rndu_pos,0,1579197262
1867,f_L_rnd_prec9_rndu_neg,0,1579197262
1868,f_L_rnd_prec9_rndu_multidigit_pos,0,1579197262
1869,f_L_rnd_prec9_rndu_multidigit_neg,0,1579197262
1870,f_L_rnd_prec9_rndd_multidigit_pos,0,1579197262
1871,f_L_rnd_prec9_rndd_multidigit_neg,0,1579197262
1872,f_L_rnd_prec9_rndd_wholnobump_pos,0,1579197262
1873,f_L_rnd_prec9_rndd_wholnobump_neg,0,1579197262
1874,f_L_rnd_prec9_rndu_bumpwhole_pos,0,1579197262
1875,f_L_stress_prec10_1,0,1579197262
1876,f_L_stress_prec10_fltonly,0,1579197262
1877,f_L_stress_prec10_whole,0,1579197262
1878,f_L_stress_prec10_negative,0,1579197262
1879,f_L_stress_prec10_positive_3_10,0,1579197262
1880,f_L_stress_prec10_negative_3_10,0,1579197262
1881,f_L_stress_prec10_pos,0,1579197262
1882,f_L_stress_prec10_neg,0,1579197262
1883,f_L_stress_prec10_rndd_pos,0,1579197262
1884,f_L_stress_prec10_rndd_neg,0,1579197262
1885,f_L_stress_prec10_rndu_pos,0,1579197262
1886,f_L_stress_prec10_rndu_neg,0,1579197262
1887,f_L_stress_prec10_positive_smallfpart,0,1579197262
1888,f_L_stress_prec10_positive_allsmall,0,1579197262
1889,f_L_stress_prec10_negative_smallfpart,0,1579197262
1890,f_L_stress_prec10_negative_allsmall,0,1579197262
1891,f_L_stress_prec10_limits_allsmall_pos,0,1579197262
1892,f_L_stress_prec10_limits_allsmall_neg,0,1579197262
1893,f_L_stress_prec10_limits_smallfpart_pos,0,1579197262
1894,f_L_stress_prec10_limits_smallfpart_neg,0,1579197262
1895,f_L_stress_prec10_limits_allbig_pos,0,1579197262
1896,f_L_stress_prec10_limits_allbig_neg,0,1579197262
1897,f_L_stress_prec10_limits_bigfpart_pos,0,1579197262
1898,f_L_stress_prec10_limits_bigfpart_neg,0,1579197262
1899,f_L_stress_prec12_rndu,0,1579197262
1900,f_L_stress_prec12_rndd,0,1579197262
1901,f_L_stress_prec12_limits_tiny,0,1579197262
1902,f_L_stress_prec12_limits_big,0,1579197262
1903,f_L_stress_prec14_rndu,0,1579197262
1904,f_L_stress_prec14_rndd,0,1579197262
1905,f_L_stress_prec14_limits_tiny,0,1579197262
1906,f_L_stress_prec14_limits_big,0,1579197262
1907,f_L_stress_prec16_rndu,0,1579197262
1908,f_L_stress_prec16_rndd,0,1579197262
1909,f_L_stress_prec16_limits_tiny,0,1579197262
1910,f_L_stress_prec16_limits_big,0,1579197262
1911,f_L_stress_prec17_rndu,0,1579197262
1912,f_L_stress_prec17_rndd,0,1579197262
1913,f_L_stress_prec17_limits_tiny,0,1579197262
1914,f_L_stress_prec17_limits_big,0,1579197262
1915,f_L_stress_prec18_rndu,0,1579197262
1916,f_L_stress_prec18_rndd,0,1579197262
1917,f_L_stress_prec18_limits_tiny,0,1579197262
1918,f_L_stress_prec18_limits_big,0,1579197262
1919,f_L_stress_prec19_rndu,0,1579197262
1920,f_L_stress_prec19_rndd,0,1579197262
1921,f_L_stress_prec19_limits_tiny,0,1579197262
1922,f_L_stress_prec19_limits_big,0,1579197262
1923,f_L_stress_prec20_rndu,0,1579197262
1924,f_L_stress_prec20_rndd,0,1579197262
1925,f_L_stress_prec20_limits_tiny,0,1579197262
1926,f_L_stress_prec20_limits_big,0,1579197262
1989,f_L_limits_dblmin_prec0,0,1579197262
1990,f_L_limits_dblmin_prec3,0,1579197262
1991,f_L_limits_dblmin_precd,0,1579197262
1992,f_L_limits_dblmin_prec8,0,1579197262
1993,f_L_stress_limits_dblmin_prec12,0,1579197262
1994,f_L_stress_limits_dblmin_prec16,0,1579197262
1995,f_L_stress_limits_dblmin_prec18,0,1579197262
1996,f_L_limits_ndblmin_prec0,0,1579197262
1997,f_L_limits_ndblmin_prec3,0,1579197262
1998,f_L_limits_ndblmin_precd,0,1579197262
1999,f_L_limits_ndblmin_prec8,0,1579197262
2000,f_L_stress_limits_ndblmin_prec12,0,1579197262
2001,f_L_stress_limits_ndblmin_prec16,0,1579197262
2002,f_L_stress_limits_ndblmin_prec18,0,1579197262
2019,mix_test_0,0,1579019461
2020,mix_test_1,0,1579019461
2021,mix_test_2,0,1579019461
2022,mix_test_3,0,1579019461
2023,mix_test_4,0,1579019461
2024,mix_test_5,1579019461,0
2025,mix_test_6,0,1579019461
2026,mix_test_7,0,1579019461
2027,mix_test_8,0,1579019461
2028,mix_test_9,0,1579019461
2029,mix_test_10,1579019461,0
2030,mix_test_11,0,1579019461
2031,mix_test_12,0,1579019461
2032,mix_test_13,0,1579019461
2033,mix_test_14,0,1579019461
2034,mix_test_15,0,1579019461
2035,mix_test_16,0,1579019461
2036,mix_test_17,0,1579019461
2037,mix_test_18,1579019461,0
2038,mix_test_19,1579019461,0
2039,mix_test_20,0,1579019461
2040,mix_test_21,1579019461,0
2041,mix_test_22,1579019461,0
2042,mix_test_23,0,1579019461
2043,mix_test_24,0,1579019461
2044,mix_test_25,0,1579019461
2045,mix_test_26,0,1579019461
2046,mix_test_27,0,1579019461
2047,mix_test_28,0,1579019461
2048,mix_test_29,0,1579019461
2049,mix_test_30,0,1579019461
2050,mix_test_31,0,1579019461
2051,mix_test_32,0,1579019461
2052,mix_test_33,0,1579019461
2053,mix_test_34,0,1579019461
2054,mix_test_35,0,1579019461
2055,mix_test_36,0,1579019461
2056,mix_test_37,0,1579019461
2057,mix_test_38,0,1579019461
2058,mix_test_39,0,1579019461
2059,mix_test_40,0,1579019461
2060,mix_test_41,1579019461,0
2061,mix_test_42,1579019461,0
2062,mix_test_43,0,1579019461
2063,mix_test_44,0,1579019461
2064,mix_test_45,0,1579019461
2065,mix_test_46,0,1579019461
2066,mix_test_47,0,1579019461
2067,mix_test_48,0,1579019461
2068,mix_test_49,0,1579019461
2069,mix_test_50,0,1579019461
2070,mix_test_51,0,1579019461
2071,mix_test_52,0,1579019461
2072,mix_test_53,0,1579019461
2073,mix_test_54,1579019461,0
2074,mix_test_55,0,1579019461
2075,mix_test_56,1579019461,0
2076,mix_test_57,1579019461,0
2077,mix_test_58,0,1579019461
2078,mix_test_59,0,1579019461
2079,mix_test_60,1579019461,0
2080,mix_test_61,0,1579019461
2081,mix_test_62,0,1579019461
2082,mix_test_63,0,1579019461
2083,mix_test_64,0,1579019461
2084,mix_test_65,0,1579019461
2085,mix_test_66,0,1579019461
2086,mix_test_67,0,1579019461
2087,mix_test_68,0,1579019461
2088,mix_test_69,0,1579019461
2089,mix_test_70,0,1579019461
2090,mix_test_71,0,1579019461
2091,mix_test_72,0,1579019461
2092,mix_test_73,0,1579019461
2093,mix_test_74,0,1579019461
2094,mix_test_75,1579019461,0
2095,mix_test_76,1579019461,0
2096,mix_test_77,0,1579019461
2097,mix_test_78,0,1579019461
2098,mix_test_79,0,1579019461
2099,mix_test_80,0,1579019461
2100,mix_test_81,0,1579019461
2101,mix_test_82,0,1579019461
2102,mix_test_83,0,1579019461
2103,mix_test_84,0,1579019461
2104,mix_test_85,0,1579019461
2105,mix_test_86,0,1579019461
2106,mix_test_87,0,1579019461
2107,mix_test_88,0,1579019461
2108,mix_test_89,0,1579019461
2109,mix_test_90,0,1579019461
2110,mix_test_91,0,1579019461
2111,mix_test_92,0,1579019461
2112,mix_test_93,0,1579019461
2113,mix_test_94,1579019461,0
2114,mix_test_95,0,1579019461
2115,mix_test_96,0,1579019461
2116,mix_test_97,0,1579019461
2117,mix_test_98,0,1579019461
2118,mix_test_99,0,1579019461
2119,mix_test_100,0,1579019461
2120,mix_test_101,0,1579019461
2121,mix_test_102,0,1579019461
2122,mix_test_103,0,1579019461
2123,mix_test_104,0,1579019461
2124,mix_test_105,0,1579019461
2125,mix_test_106,1579019461,0
2126,mix_test_107,0,1579019461
2127,mix_test_108,0,1579019461
2128,mix_test_109,0,1579019461
2129,mix_test_110,0,1579019461
2130,mix_test_111,0,1579019461
2131,mix_test_112,0,1579019461
2132,mix_test_113,1579019461,0
2133,mix_test_114,0,1579019461
2134,mix_test_115,1579019461,0
2135,mix_test_116,0,1579019461
2136,mix_test_117,0,1579019461
2137,mix_test_118,0,1579019461
2138,mix_test_119,0,1579019461
2139,mix_test_120,0,1579019461
2140,mix_test_121,1579019461,0
2141,mix_test_122,0,1579019461
2142,mix_test_123,0,1579019461
2143,mix_test_124,0,1579019461
2144,mix_test_125,0,1579019461
2145,mix_test_126,0,1579019461
2146,mix_test_127,0,1579019461
2147,mix_test_128,0,1579019461
2148,mix_test_129,1579019461,0
2149,mix_test_130,0,1579019461
2150,mix_test_131,0,1579019461
2151,mix_test_132,0,1579019461
2152,mix_test_133,0,1579019461
2153,mix_test_134,0,1579019461
2154,mix_test_135,1579019461,0
2155,mix_test_136,0,1579019461
2156,mix_test_137,0,1579019461
2157,mix_test_138,0,1579019461
2158,mix_test_139,1579019461,0
2159,mix_test_140,1579019461,0
2160,mix_test_141,0,1579019461
2161,mix_test_142,0,1579019461
2162,mix_test_143,1579019461,0
2163,mix_test_144,0,1579019461
2164,mix_test_145,0,1579019461
2165,mix_test_146,0,1579019461
2166,mix_test_147,0,1579019461
2167,mix_test_148,1579019461,0
2168,mix_test_149,1579019461,0
2169,mix_test_150,0,1579019461
2170,mix_test_151,0,1579019461
2171,mix_test_152,0,1579019461
2172,mix_test_153,0,1579019461
2173,mix_test_154,0,1579019461
2174,mix_test_155,0,1579019461
2175,mix_test_156,0,1579019461
2176,mix_test_157,0,1579019461
2177,mix_test_158,0,1579019461
2178,mix_test_159,0,1579019461
2179,mix_test_160,0,1579019461
2180,mix_test_161,0,1579019461
2181,mix_test_162,0,1579019461
2182,mix_test_163,0,1579019461
2183,mix_test_164,0,1579019461
2184,mix_test_165,1579019461,0
2185,mix_test_166,0,1579019461
2186,mix_test_167,1579019461,0
2187,mix_test_168,0,1579019461
2188,mix_test_169,1579019461,0
2189,mix_test_170,0,1579019461
2190,mix_test_171,0,1579019461
2191,mix_test_172,0,1579019461
2192,mix_test_173,0,1579019461
2193,mix_test_174,1579019461,0
2194,mix_test_175,0,1579019461
2195,mix_test_176,0,1579019461
2196,mix_test_177,0,1579019461
2197,mix_test_178,0,1579019461
2198,mix_test_179,0,1579019461
2199,mix_test_180,0,1579019461
2200,mix_test_181,1579019461,0
2201,mix_test_182,0,1579019461
2202,mix_test_183,1579019461,0
2203,mix_test_184,0,1579019461
2204,mix_test_185,0,1579019461
2205,mix_test_186,0,1579019461
2206,mix_test_187,0,1579019461
2207,mix_test_188,0,1579019461
2208,mix_test_189,0,1579019461
2209,mix_test_190,0,1579019461
2210,mix_test_191,0,1579019461
2211,mix_test_192,0,1579019461
2212,mix_test_193,0,1579019461
2213,mix_test_194,0,1579019461
2214,mix_test_195,0,1579019461
2215,mix_test_196,0,1579019461
2216,mix_test_197,0,1579019461
2217,mix_test_198,0,1579019461
2218,mix_test_199,0,1579019461
2219,mix_test_extra_1,0,1579019461
2220,mix_test_extra_2,0,1579019461
2221,mix_test_extra_3,0,1579019461
2222,mix_test_extra_4,0,1579019461
2223,mix_test_extra_5,0,1579019461
2224,mix_test_extra_6,0,1579019461
2225,mix_test_extra_7,0,1579019461
2226,mix_test_extra_8,1579019461,0
2227,mix_test_extra_9,1579019461,0
2228,mix_test_extra_10,1579019461,0
2229,mix_successive_0,1579019461,0
2230,mix_successive_1,0,1579019461
2231,mix_successive_2,0,1579019461
2232,mix_successive_3,0,1579019461
2233,mix_successive_4,1579019461,0
2234,mix_successive_5,0,1579019461
2235,mix_successive_6,1579019461,0
2236,mix_successive_7,1579019461,0
2237,mix_successive_8,0,1579019461
2238,mix_successive_9,1579019461,0
2239,mix_successive_10,1579019461,0
2240,mix_successive_11,0,1579019461
2241,mix_successive_12,0,1579019461
2242,mix_successive_13,1579019461,0
2243,mix_successive_14,0,1579019461
2244,mix_successive_15,1579019461,0
2245,mix_successive_16,1579019461,0
2246,mix_successive_17,1579019461,0
2247,mix_successive_18,0,1579019461
2248,mix_successive_19,1579019461,0
2249,mix_successive_20,1579019461,0
2250,mix_successive_21,1579019461,0
2251,mix_successive_22,1579019461,0
2252,mix_successive_23,0,1579019461
2253,mix_successive_24,1579019461,0
2254,mix_successive_25,0,1579019461
2255,mix_successive_26,1579019461,0
2256,mix_successive_27,0,1579019461
2257,mix_successive_28,1579019461,0
2258,mix_successive_29,0,1579019461
2259,mix_successive_30,1579019461,0
2260,mix_successive_31,1579019461,0
2261,mix_successive_32,1579019461,0
2262,mix_successive_33,0,1579019461
2263,mix_successive_34,1579019461,0
2264,mix_successive_35,0,1579019461
2265,mix_successive_36,0,1579019461
2266,mix_successive_37,1579019461,0
2267,mix_successive_38,0,1579019461
2268,mix_successive_39,1579019461,0
2269,mix_successive_40,1579019461,0
2270,mix_successive_41,1579019461,0
2271,mix_successive_42,1579019461,0
2272,mix_successive_43,1579019461,0
2273,mix_successive_44,0,1579019461
2274,mix_successive_45,1579019461,0
2275,mix_successive_46,1579019461,0
2276,mix_successive_47,1579019461,0
2277,mix_successive_48,0,1579019461
2278,mix_successive_49,1579019461,0
2279,mix_successive_50,0,1579019461
2280,mix_successive_51,1579019461,0
2281,mix_successive_52,1579019461,0
2282,mix_successive_53,0,1579019461
2283,mix_successive_54,1579019461,0
2284,mix_successive_55,1579019461,0
2285,mix_successive_56,1579019461,0
2286,mix_successive_57,0,1579019461
2287,mix_successive_58,0,1579019461
2288,mix_successive_59,1579019461,0
2289,mix_successive_60,1579019461,0
2290,mix_successive_61,1579019461,0
2291,mix_successive_62,1579019461,0
2292,mix_successive_63,0,1579019461
2293,mix_successive_64,1579019461,0
2294,mix_successive_65,1579019461,0
2295,mix_successive_66,0,1579019461
2296,mix_successive_67,1579019461,0
2297,mix_successive_68,1579019461,0
2298,mix_successive_69,0,1579019461
2299,mix_successive_70,0,1579019461
2321,nocrash_nullarg_1,1579197259,0
2322,nocrash_nullarg_2,1579197259,0
2323,nocrash_nullarg_3,1579197259,0
2324,nocrash_nullarg_4,1579197259,0
2325,nocrash_nullarg_5,1579197259,0
2326,nocrash_nullarg_6,1579197259,0
2327,nocrash_nullarg_9,1579197259,0
2328,nocrash_nullarg_10,1579197259,0
2329,nocrash_nullarg_11,1579197259,0
2330,nocrash_nullarg_12,1579197259,0
2331,nocrash_nullarg_13,1579197259,0
2332,nocrash_nullarg_14,1579197259,0
2333,nocrash_nullarg_15,1579197259,0
2334,nocrash_nullarg_16,1579197259,0
2335,nocrash_nullarg_17,1579197259,0
2336,nocrash_nullarg_18,1579197259,0
2337,nocrash_nullarg_19,1579197259,0
2338,nocrash_nullarg_20,1579197259,0
2339,nocrash_nullarg_21,1579197259,0
2340,nocrash_nullarg_22,1579197259,0
2341,nocrash_nullarg_23,1579197259,0
2342,nocrash_nullarg_24,1579197259,0
2343,nocrash_nullarg_25,1579197259,0
2344,nocrash_mandatory_wformat_undefbehav_01,1579197259,0
2345,nocrash_mandatory_wformat_undefbehav_02,1579197259,0
2346,nocrash_mandatory_wformat_undefbehav_03,1579197259,0
2347,nocrash_mandatory_wformat_undefbehav_04,1579197259,0
2348,nocrash_mandatory_wformat_undefbehav_05,1579197259,0
2349,nocrash_mandatory_wformat_undefbehav_06,1579197259,0
2350,nocrash_mandatory_wformat_undefbehav_07,1579197259,0
2351,nocrash_mandatory_wformat_undefbehav_08,1579197259,0
2352,nocrash_mandatory_wformat_undefbehav_09,1579197259,0
2353,nocrash_mandatory_wformat_undefbehav_10,1579197259,0
2354,nocrash_mandatory_wformat_undefbehav_11,1579197259,0
2355,nocrash_mandatory_wformat_undefbehav_12,1579197259,0
2356,nocrash_mandatory_wformat_undefbehav_13,1579197259,0
2357,nocrash_mandatory_wformat_undefbehav_14,1579197259,0
2358,nocrash_mandatory_wformat_undefbehav_15,1579197259,0
2359,nocrash_mandatory_wformat_undefbehav_16,1579197259,0
2360,nocrash_mandatory_wformat_undefbehav_17,1579197259,0
2361,nocrash_mandatory_wformat_undefbehav_18,1579197259,0
2362,nocrash_mandatory_wformat_undefbehav_19,1579197259,0
2363,nocrash_mandatory_wformat_undefbehav_20,1579197259,0
2364,nocrash_mandatory_wformat_undefbehav_21,1579197259,0
2365,nocrash_mandatory_wformat_undefbehav_22,1579197259,0
2366,nocrash_mandatory_wformat_undefbehav_23,1579197259,0
2367,nocrash_mandatory_wformat_undefbehav_24,1579197259,0
2368,nocrash_mandatory_wformat_undefbehav_25,1579197259,0
2369,nocrash_mandatory_wformat_undefbehav_26,1579197259,0
2370,nocrash_mandatory_wformat_undefbehav_27,1579197259,0
2371,nocrash_mandatory_wformat_undefbehav_28,1579197259,0
2372,nocrash_mandatory_wformat_undefbehav_29,1579197259,0
2373,nocrash_mandatory_wformat_undefbehav_30,1579197259,0
2374,nocrash_mandatory_wformat_undefbehav_31,1579197259,0
2375,nocrash_mandatory_wformat_undefbehav_32,1579197259,0
2376,nocrash_mandatory_wformat_undefbehav_33,1579197259,0
2377,nocrash_mandatory_wformat_undefbehav_34,1579197259,0
2378,nocrash_mandatory_wformat_undefbehav_35,1579197259,0
2379,nocrash_mandatory_wformat_undefbehav_36,1579197259,0
2380,nocrash_mandatory_wformat_undefbehav_37,1579197259,0
2381,nocrash_mandatory_wformat_undefbehav_38,1579197259,0
2382,nocrash_mandatory_wformat_undefbehav_39,1579197259,0
2383,nocrash_mandatory_wformat_undefbehav_40,1579197259,0
2384,nocrash_mandatory_dupflag_d_asas,1579197259,0
2385,nocrash_mandatory_dupflag_d_spsp,1579197259,0
2386,nocrash_mandatory_dupflag_d_spassp,1579197259,0
2387,nocrash_mandatory_dupflag_d_ljljw,1579197259,0
2388,nocrash_mandatory_dupflag_d_ljasljw,1579197259,0
2389,nocrash_mandatory_dupflag_x_afaf,1579197259,0
2390,nocrash_mandatory_dupflag_x_afasasafljw,1579197259,0
2391,nocrash_mandatory_c_prec_1,1579197259,0
2392,nocrash_mandatory_c_prec_2,1579197259,0
2393,nocrash_mandatory_c_af,1579197259,0
2394,nocrash_mandatory_c_zp_1,1579197259,0
2395,nocrash_mandatory_c_zp_2,1579197259,0
2396,nocrash_mandatory_c_as_1,1579197259,0
2397,nocrash_mandatory_c_as_2,1579197259,0
2398,nocrash_mandatory_c_sp_1,1579197259,0
2399,nocrash_mandatory_c_sp_2,1579197259,0
2400,nocrash_mandatory_c_size_hh,1579197259,0
2401,nocrash_mandatory_c_size_h,1579197259,0
2402,nocrash_mandatory_c_size_l,1579197259,0
2403,nocrash_mandatory_c_size_ll,1579197259,0
2404,nocrash_mandatory_c_size_L,1579197259,0
2405,nocrash_mandatory_c_lj_nowidth,1579197259,0
2406,nocrash_mandatory_s_af,1579197259,0
2407,nocrash_mandatory_s_zp_1,1579197259,0
2408,nocrash_mandatory_s_zp_2,1579197259,0
2409,nocrash_mandatory_s_as_1,1579197259,0
2410,nocrash_mandatory_s_sp_1,1579197259,0
2411,nocrash_mandatory_s_size_hh,1579197259,0
2412,nocrash_mandatory_s_size_h,1579197259,0
2413,nocrash_mandatory_s_size_l,1579197259,0
2414,nocrash_mandatory_s_size_ll,1579197259,0
2415,nocrash_mandatory_s_size_L,1579197259,0
2416,nocrash_mandatory_s_lj_nowidth,1579197259,0
2417,nocrash_mandatory_p_prec_1,1579197259,0
2418,nocrash_mandatory_p_prec_2,1579197259,0
2419,nocrash_mandatory_p_af,1579197259,0
2420,nocrash_mandatory_p_zp_1,1579197259,0
2421,nocrash_mandatory_p_zp_2,1579197259,0
2422,nocrash_mandatory_p_as_1,1579197259,0
2423,nocrash_mandatory_p_as_2,1579197259,0
2424,nocrash_mandatory_p_sp_1,1579197259,0
2425,nocrash_mandatory_p_sp_2,1579197259,0
2426,nocrash_mandatory_p_size_hh,1579197259,0
2427,nocrash_mandatory_p_size_h,1579197259,0
2428,nocrash_mandatory_p_size_l,1579197259,0
2429,nocrash_mandatory_p_size_ll,1579197259,0
2430,nocrash_mandatory_p_size_L,1579197259,0
2431,nocrash_mandatory_p_lj_nowidth,1579197259,0
2432,nocrash_mandatory_d_size_L,1579197259,0
2433,nocrash_mandatory_d_af,1579197259,0
2434,nocrash_mandatory_d_size_hhh,1579197259,0
2435,nocrash_mandatory_d_size_hhhh,1579197259,0
2436,nocrash_mandatory_d_size_hhl,1579197259,0
2437,nocrash_mandatory_d_size_hhll,1579197259,0
2438,nocrash_mandatory_d_size_llh,1579197259,0
2439,nocrash_mandatory_d_size_lll,1579197259,0
2440,nocrash_mandatory_i_size_L,1579197259,0
2441,nocrash_mandatory_i_af,1579197259,0
2442,nocrash_mandatory_i_size_hhh,1579197259,0
2443,nocrash_mandatory_i_lj_nowidth,1579197259,0
2444,nocrash_mandatory_o_as,1579197259,0
2445,nocrash_mandatory_o_sp,1579197259,0
2446,nocrash_mandatory_o_size_L,1579197259,0
2447,nocrash_mandatory_o_size_hhh,1579197259,0
2448,nocrash_mandatory_o_size_hhhh,1579197259,0
2449,nocrash_mandatory_o_size_hhl,1579197259,0
2450,nocrash_mandatory_o_size_hhll,1579197259,0
2451,nocrash_mandatory_o_size_llh,1579197259,0
2452,nocrash_mandatory_o_size_lll,1579197259,0
2453,nocrash_mandatory_o_lj_nowidth,1579197259,0
2454,nocrash_mandatory_u_size_L,1579197259,0
2455,nocrash_mandatory_u_af,1579197259,0
2456,nocrash_mandatory_u_as,1579197259,0
2457,nocrash_mandatory_u_sp,1579197259,0
2458,nocrash_mandatory_u_size_hhh,1579197259,0
2459,nocrash_mandatory_u_size_hhhh,1579197259,0
2460,nocrash_mandatory_u_size_hhl,1579197259,0
2461,nocrash_mandatory_u_size_hhll,1579197259,0
2462,nocrash_mandatory_u_size_llh,1579197259,0
2463,nocrash_mandatory_u_size_lll,1579197259,0
2464,nocrash_mandatory_u_lj_nowidth,1579197259,0
2465,nocrash_mandatory_x_size_L,1579197259,0
2466,nocrash_mandatory_x_as,1579197259,0
2467,nocrash_mandatory_x_sp,1579197259,0
2468,nocrash_mandatory_x_size_hhh,1579197259,0
2469,nocrash_mandatory_x_size_hhhh,1579197259,0
2470,nocrash_mandatory_x_size_hhl,1579197259,0
2471,nocrash_mandatory_x_size_hhll,1579197259,0
2472,nocrash_mandatory_x_size_llh,1579197259,0
2473,nocrash_mandatory_x_size_lll,1579197259,0
2474,nocrash_mandatory_X_size_L,1579197259,0
2475,nocrash_mandatory_X_as,1579197259,0
2476,nocrash_mandatory_X_sp,1579197259,0
2477,nocrash_mandatory_X_size_hhh,1579197259,0
2478,nocrash_mandatory_X_size_llh,1579197259,0
2479,nocrash_mandatory_x_lj_nowidth,1579197259,0
2480,nocrash_mandatory_f_size_hh,1579197259,0
2481,nocrash_mandatory_f_size_h,1579197259,0
2482,nocrash_mandatory_f_size_ll,1579197259,0
2483,nocrash_mandatory_f_size_lll,1579197259,0
2484,nocrash_mandatory_f_size_llll,1579197259,0
2485,nocrash_mandatory_f_size_LL,1579197259,0
2486,nocrash_mandatory_f_size_Ll,1579197259,0
2487,nocrash_mandatory_f_size_lL,1579197259,0
2488,nocrash_mandatory_f_lj_nowidth,1579197259,0
2489,moul_s_1,1579019461,0
2490,moul_s_2,1579019461,0
2491,moul_s_3,1579019461,0
2492,moul_s_4,1579019461,0
2493,moul_s_5_this_ones_a_doozy,1579019461,0
2494,moul_d_1,1579019461,0
2495,moul_d_2,1579019461,0
2496,moul_d_3,1579019461,0
2497,moul_d_4,1579019461,0
2498,moul_d_5,1579019461,0
2499,moul_d_6,1579019461,0
2500,moul_d_7,1579019461,0
2501,moul_d_8,1579019461,0
2502,moul_d_9,1579019461,0
2503,moul_d_10,1579019461,0
2504,moul_d_11,1579019461,0
2505,moul_d_12,1579019461,0
2506,moul_mix_1,1579019461,0
2507,moul_c_1,1579019461,0
2508,moul_c_2,1579019461,0
2509,moul_c_3,1579019461,0
2510,moul_c_4,1579019461,0
2511,moul_c_5,1579019461,0
2512,moul_c_5b,1579019461,0
2513,moul_c_6,1579019461,0
2514,moul_c_7,1579019461,0
2515,moul_c_8,1579019461,0
2516,moul_c_9,1579019461,0
2517,moul_c_10,1579019461,0
2518,moul_c_11,1579019461,0
2519,moul_c_12,1579019461,0
2520,moul_c_13,1579019461,0
2521,moul_c_14,1579019461,0
2522,moul_c_15,1579019461,0
2523,moul_c_16,1579019461,0
2524,moul_c_17,1579019461,0
2525,moul_c_18,1579019461,0
2526,moul_c_19,1579019461,0
2527,moul_c_20,1579019461,0
2528,moul_c_21,1579019461,0
2529,moul_c_22,1579019461,0
2530,moul_c_23,1579019461,0
2531,moul_c_24,1579019461,0
2532,moul_c_25,1579019461,0
2533,moul_c_26,1579019461,0
2534,moul_c_27,1579019461,0
2535,moul_c_28,1579019461,0
2536,moul_ld_1_throwswarning,1579019461,0
2537,moul_ld_2_throwswarning,1579019461,0
2538,moul_ld_3_throwswarning,1579019461,0
2539,moul_ld_4_throwswarning,1579019461,0
2540,moul_ld_5_throwswarning,1579019461,0
2541,moul_ld_6_throwswarning,1579019461,0
2542,moul_ld_7_throwswarning,1579019461,0
2543,moul_ld_8_throwswarning,1579019461,0
2544,moul_ld_9_throwswarning,1579019461,0
2545,moul_ld_10_throwswarning,1579019461,0
2546,moul_ld_11_throwswarning,1579019461,0
2547,moul_ld_12_throwswarning,1579019461,0
2560,moul_i_1,1579019461,0
2561,moul_i_2,1579019461,0
2562,moul_i_3,1579019461,0
2563,moul_i_4,1579019461,0
2564,moul_i_5,1579019461,0
2565,moul_i_6,1579019461,0
2566,moul_i_7,1579019461,0
2567,moul_i_8,1579019461,0
2568,moul_i_9,1579019461,0
2569,moul_i_10,1579019461,0
2570,moul_i_11,1579019461,0
2571,moul_i_12,1579019461,0
2572,moul_f_1,0,1579019461
2573,moul_f_2,0,1579019461
2574,moul_f_3,0,1579019461
2575,moul_f_4,0,1579019461
2576,moul_f_5,0,1579019461
2577,moul_f_6,0,1579019461
2578,moul_f_7,0,1579019461
2579,moul_f_7b,0,1579019461
2580,moul_f_8,0,1579019461
2581,moul_f_9,0,1579019461
2582,moul_f_10,0,1579019461
2583,moul_f_11,0,1579019461
2584,moul_f_12,0,1579019461
2599,moul_o_1,0,1579019461
2600,moul_o_2,0,1579019461
2601,moul_o_3,0,1579019461
2602,moul_o_4,0,1579019461
2603,moul_o_5,0,1579019461
2604,moul_o_6,0,1579019461
2605,moul_o_7,0,1579019461
2606,moul_o_8,0,1579019461
2607,moul_o_9,0,1579019461
2608,moul_o_10,0,1579019461
2609,moul_o_11,0,1579019461
2610,moul_o_12,0,1579019461
2611,moul_u_1,1579019461,0
2612,moul_u_2,1579019461,0
2613,moul_u_3,1579019461,0
2614,moul_u_4,1579019461,0
2615,moul_u_5,1579019461,0
2616,moul_u_6,1579019461,0
2617,moul_u_7,1579019461,0
2618,moul_u_8,1579019461,0
2619,moul_u_9,1579019461,0
2620,moul_u_10,1579019461,0
2621,moul_u_11,1579019461,0
2622,moul_u_12,1579019461,0
2623,moul_x_1,1579019461,0
2624,moul_x_2,1579019461,0
2625,moul_x_3,1579019461,0
2626,moul_x_4,1579019461,0
2627,moul_x_5,1579019461,0
2628,moul_x_6,1579019461,0
2629,moul_x_7,1579019461,0
2630,moul_x_8,1579019461,0
2631,moul_x_9,1579019461,0
2632,moul_x_10,1579019461,0
2633,moul_x_11,1579019461,0
2634,moul_x_12,1579019461,0
2635,moul_hash_1,1579019461,0
2636,moul_hash_2,1579019461,0
2637,moul_hash_3,0,1579019461
2638,moul_hash_4,0,1579019461
2639,moul_hash_5,0,1579019461
2640,moul_hash_6,0,1579019461
2641,moul_hash_7,0,1579019461
2642,moul_hash_8,0,1579019461
2643,moul_hash_9,1579019461,0
2644,moul_hash_10,1579019461,0
2645,moul_hash_11,1579019461,0
2646,moul_hash_12,1579019461,0
2647,moul_prec_1,1579019461,0
2648,moul_prec_2,1579019461,0
2649,moul_prec_3,1579019461,0
2650,moul_prec_4,1579019461,0
2651,moul_prec_5,1579019461,0
2652,moul_zeropad_1,1579019461,0
2653,moul_zeropad_2,1579019461,0
2654,moul_zeropad_3,1579019461,0
2655,moul_zeropad_4,1579019461,0
2656,moul_leftjusty_1,1579019461,0
2657,moul_leftjusty_2,1579019461,0
2658,moul_leftjusty_3,1579019461,0
2659,moul_leftjusty_4,1579019461,0
2660,moul_leftjusty_5,1579019461,0
2661,moul_leftjusty_6,1579019461,0
2662,moul_leftjusty_7,1579019461,0
2663,moul_as_1,1579019461,0
2664,moul_as_2,1579019461,0
2665,moul_as_3,1579019461,0
2666,moul_as_4,1579019461,0
2667,moul_sp_1,1579019461,0
2668,moul_sp_2,1579019461,0
2669,moul_sp_3,1579019461,0
